,titulo,preço,url,desc_curta,loja,categoria_1,categoria_2
0,Estetoscópio SPIRIT - Adulto Professional,Vazio,https://www.lojadomedico.com.br/estetoscopio-spirit-/p,Cabeça dupla. Ótima auscuta. Recomendado p/ profissionais da área da saúde.,LojaDoMedico,APARELHOS DE PRESSÃO,ESTETOSCÓPIOS
1,Manguito p/ aparelho de pressão,"R$ 16,00",https://www.lojadomedico.com.br/manguito-p-aparelho-de-press-o-tam-adulto/p,Tamanho:Adulto,LojaDoMedico,APARELHOS DE PRESSÃO,Vazio
2,Estetoscópio Rappaport AZUL,"R$ 42,00",https://www.lojadomedico.com.br/esteto-rappaport-azul/p,"Estetoscópio com olivas, tem diafragma de alta sensibilidade e auscultador de tubo duplo.",LojaDoMedico,APARELHOS DE PRESSÃO,ESTETOSCÓPIOS
3,Estetoscópio Rappaport VERDE,"R$ 42,00",https://www.lojadomedico.com.br/esteto-rappaport-verde/p,"Estetoscópio com olivas, tem diafragma de alta sensibilidade e auscultador de tubo duplo.",LojaDoMedico,APARELHOS DE PRESSÃO,ESTETOSCÓPIOS
4,Esteto Pediátrico FUN ANIMAL SPIRIT ROSA,"R$ 315,00",https://www.lojadomedico.com.br/esteto-pediatrico-fun-animal-spirit-rosa/p,Vazio,LojaDoMedico,APARELHOS DE PRESSÃO,ESTETOSCÓPIOS
5,Esteto Pediátrico FUN ANIMAL SPIRIT VERDE,"R$ 315,00",https://www.lojadomedico.com.br/esteto-pediatrico-fun-animal-spirit-verde/p,Esteto Pediátrico FUN ANIMAL SPIRIT VERDE,LojaDoMedico,APARELHOS DE PRESSÃO,ESTETOSCÓPIOS
6,Aparelho de Pressão Digital PULSO G-TECH Master BP3BK1,"R$ 189,00",https://www.lojadomedico.com.br/aparelhopressaodigitalbp3bk1/p,Modelo: Master BP3BK1 - Compacto e prreciso. Possui Detecção de Arritmia.,LojaDoMedico,APARELHOS DE PRESSÃO,Vazio
7,Estetoscópio Rappaport GRAFITE,"R$ 42,00",https://www.lojadomedico.com.br/esteto-rappaport-grafite/p,"Estetoscópio com olivas, tem diafragma de alta sensibilidade e auscultador de tubo duplo.",LojaDoMedico,APARELHOS DE PRESSÃO,ESTETOSCÓPIOS
8,Aparelho de pressão P.A. Med - 2 Anos de Garantia,"R$ 99,00",https://www.lojadomedico.com.br/aparelho-de-pressao-p-a--med-/p,NÃO ACOMPANHA ESTETOSCÓPIO,LojaDoMedico,APARELHOS DE PRESSÃO,Vazio
9,Braçadeira com Manguito  INFANTIL de Nylon - Cor Azul / Marca: Premium,"R$ 26,00",https://www.lojadomedico.com.br/bracadeira-com-manguito--infantil-de-nylon/p,Fecho C/ Velcro (1-7 anos) Premium,LojaDoMedico,APARELHOS DE PRESSÃO,ACESSÓRIOS APARELHO PRESSÃO
10,Estetoscópio Rappaport PRETO,"R$ 42,00",https://www.lojadomedico.com.br/esteto-rappaport-preto/p,"Estetoscópio com olivas, tem diafragma de alta sensibilidade e auscultador de tubo duplo.",LojaDoMedico,APARELHOS DE PRESSÃO,ESTETOSCÓPIOS
11,Braçadeira com Manguito ADULTO de Nylon - Cor Preta - Marca: P.A Med,"R$ 29,00",https://www.lojadomedico.com.br/bracadeira-com-manguito-adulto-de-nylon---cor-preta---loja-do-medico-/p,Marca: P.A Med,LojaDoMedico,APARELHOS DE PRESSÃO,ACESSÓRIOS APARELHO PRESSÃO
12,Braçadeira + Manguito OBESO (Nylon - Fechamento de Velcro),"R$ 46,00",https://www.lojadomedico.com.br/manguito-bracadeira-obeso-nylon-de-velcro/p,Para ser usado com o aparelho de medir pressão mecânico. Fechamento de Velcro. Material da Braçadeira: Nylon. Já acompanha o manguito. Dimensões da braçadeira: 18cm x 69cm.,LojaDoMedico,APARELHOS DE PRESSÃO,ACESSÓRIOS APARELHO PRESSÃO
13,Massageador Manual 3D - Massageador Facial e Corporal.,"R$ 38,00",https://www.lojadomedico.com.br/massageador-manual-3d/p,Marca: Supermedy,LojaDoMedico,CORPO E CONFORTO,MASSAGEADORES
14,Meia VENOSAN Legline ATM 20-30 mmHg - Meia-Calça GESTANTE,"R$ 158,00",https://www.lojadomedico.com.br/meia-venosan-legline-atm-20-30-mmhg---meia-calca-/p,Ref: ATM Meia-Calça GESTANTE,LojaDoMedico,MEIAS DE COMPRESSÃO,Vazio
15,Faixa Mentoneira FAMARA - Modelo: BIOATIVA - Ref: 37260,"R$ 49,50",https://www.lojadomedico.com.br/faixa-mentoneira-famara-/p,Marca: FAMARA / Tam: Único,LojaDoMedico,CURATIVOS,Vazio
16,Capa p/ colchão anti-refluxo Adulto - Marca: Copespuma,"R$ 72,00",https://www.lojadomedico.com.br/capa-p--colchao-anti-refluxo-adulto-/p,Tamanho: 70cm x 82cm / COPESPUMA,LojaDoMedico,CORPO E CONFORTO,CONFORTO EM CASA
17,Almofada Anti-Varizes - COPESPUMA,"R$ 215,00",https://www.lojadomedico.com.br/almofada-anti-varizes-copespuma/p,- Descanso das pernas - Alívio das dores - Perfeito para quem passa muito tempo em pé.,LojaDoMedico,CORPO E CONFORTO,ALMOFADAS E COLCHÕES
18,Estetoscópio Rappaport ROSA,"R$ 42,00",https://www.lojadomedico.com.br/esteto-rappaport-rosa/p,"Estetoscópio com olivas, tem diafragma de alta sensibilidade e auscultador de tubo duplo.",LojaDoMedico,APARELHOS DE PRESSÃO,ESTETOSCÓPIOS
19,Aparelho de Pressão Automático de BRAÇO MA100 G-TECH - Praticidade e rapidez na medição da pressão arterial.,"R$ 274,50",https://www.lojadomedico.com.br/aparelho-de-pressao-automatico/p,Garantia: 6 anos / Possui medidor de arritmia cardíaca.,LojaDoMedico,APARELHOS DE PRESSÃO,Vazio
20,Almofada de Gel Redonda c/ Orifício - Bioflorence - Marca: Bioflorence,"R$ 125,00",https://www.lojadomedico.com.br/almofada-de-gel-redonda-c--orificio---bioflorence/p,•Com orifício central. • Suporta até 130 kg.,LojaDoMedico,CORPO E CONFORTO,ALMOFADAS E COLCHÕES
21,Inalador Inala Pop OMRON - 1 ANO DE GARANTIA,"R$ 165,00",https://www.lojadomedico.com.br/inalador-inala-pop-omron/p,Inalador a ar comprimido. OMRON,LojaDoMedico,CORPO E CONFORTO,RESPIRAR BEM
22,DIU OPTIMA TCU 380 A,"R$ 168,00",https://www.lojadomedico.com.br/diu-t-de-cobre/p,Dispositivo Intra-Uterino com cobre. Contém 1 unidade.,LojaDoMedico,MATERIAL MÉDICO,Vazio
23,Urinol Feminino de Silicone - Urinol para mulheres,"R$ 26,90",https://www.lojadomedico.com.br/urinol-feminino-de-silicone-/p,Permite a mulher fazer xixi em pé.,LojaDoMedico,CORPO E CONFORTO,Vazio
24,Respiron Classic - Exercitador Respiratório,"R$ 36,00",https://www.lojadomedico.com.br/respiron-easy-exercitador-respiratorio/p,Respirador de incentivo para uso individual.,LojaDoMedico,CORPO E CONFORTO,RESPIRAR BEM
25,Almofada Anti-Refluxo Infantil COPESPUMA,"R$ 178,00",https://www.lojadomedico.com.br/almofada-anti-refluxo-infantil/p,"Auxilia na redução dos sintomas do refluxo. Evita azia, tosse, rouquidão, pigarro; reduz o ronco; melhora a respiração nos casos de obstrução nasal. Acompanha capa removível e lavável em tecido 100% algodão.",LojaDoMedico,CORPO E CONFORTO,ALMOFADAS E COLCHÕES
26,Rolo Massageador Pés e Mãos ORTHOPAUHER REF: FG03,"R$ 29,50",https://www.lojadomedico.com.br/rolo-massageador-pes-e-maos-orthopauher-/p,"Massageador multi-uso, ótimo para massagear e fortalecer a musculatura dos pés e mãos.",LojaDoMedico,CORPO E CONFORTO,MASSAGEADORES
27,Faixa Anti Ronco - Alivia os sintomas do ronco.,"R$ 49,50",https://www.lojadomedico.com.br/faixa-anti-ronco-kestal-/p,"A Faixa Mandibular Anti Ronco evita a abertura da boca ao dormir, aliviando os sintomas do ronco.",LojaDoMedico,CORPO E CONFORTO,RESPIRAR BEM
28,Órtese Abdominal p/ Gestante MERCUR,"R$ 85,00",https://www.lojadomedico.com.br/ortese-abdominal-p-gestante-mercur/p,Ajustável e com fechamento em velcro.,LojaDoMedico,CORPO E CONFORTO,MAMÃE E BEBÊ
29,Elevador Assento Sanitário c/Alças Reguláveis SIT V,"R$ 385,00",https://www.lojadomedico.com.br/elevador-assento-sanitario-c-alcas-regulaveis-sit-v/p,"Indicado para elevar o vaso sanitário em casos de pós-cirurgias de quadril, idosos impossibilitados de se agachar, portadores de necessidades especiais.",LojaDoMedico,CORPO E CONFORTO,CONFORTO EM CASA
30,Colchão Pneumático BIC ARBOLL - PREVENÇÃO DE ESCARAS,"R$ 590,00",https://www.lojadomedico.com.br/colchao-pneumatico-bic-arboll-/p,A solução para prevenção de escaras.,LojaDoMedico,CORPO E CONFORTO,ALMOFADAS E COLCHÕES
31,Colchão D´água BIOFLORENCE,"R$ 198,00",https://www.lojadomedico.com.br/colch-o-d-agua-formato-caixa-de-ovo-tam-1-90x0-90cm-suporta-ate-120-kg/p,• Suporta até 130 kg. • Formato: Caixa de Ovo.,LojaDoMedico,CORPO E CONFORTO,ALMOFADAS E COLCHÕES
32,Almofada de Gel Quadrada c/ Orifício - Bioflorence,"R$ 125,00",https://www.lojadomedico.com.br/almofada-de-gel-quadrada-c-orificio-contem-sistema-termico-flexi-gel-inverno-ver-o-refresca-no-calor-e-isola-no-frio-suporta-ate-130-kg/p,• Confortável e Flexível• Suporta até 130 kg,LojaDoMedico,CORPO E CONFORTO,ALMOFADAS E COLCHÕES
33,Almofada de Gel Quadrada - Bioflorence,"R$ 125,00",https://www.lojadomedico.com.br/almofada-de-gel-quadrada-contem-sistema-termico-flexi-gel-inverno-ver-o-refresca-no-calor-e-isola-no-frio-suporta-ate-130-kg/p,- Prevenção de escaras e úlceras de pressão. - Indicada p/ pessoas que passam muito tempo sentadas. - Suporta até 130 Kg. - Contém sistema térmico: Refresca no calor e isola no frio.,LojaDoMedico,CORPO E CONFORTO,ALMOFADAS E COLCHÕES
34,Almofada em Gel p/ Cadeira de Banho - Bioflorence,"R$ 125,00",https://www.lojadomedico.com.br/almofada-em-gel-p-cadeira-de-banho/p,• Confortável e Flexível• Suporta até 130 kg •Possui encaixe p/ fixar no assento da cadeira de banho.,LojaDoMedico,CORPO E CONFORTO,ALMOFADAS E COLCHÕES
35,Máscara Termogel p/ olhos - Quente/Frio,"R$ 29,00",https://www.lojadomedico.com.br/mascara-termogel/p,A solução para olheiras e inchaço. ATENÇÃO: A máscara apresenta um pequeno orifício nos olhos.,LojaDoMedico,CORPO E CONFORTO,ESTÉTICA
36,Voldyne Adulto 5000 - Fisioterapia Respiratória,"R$ 288,00",https://www.lojadomedico.com.br/voldyne-adulto-5000/p,O incentivador respiratório Voldyne adulto 5000ml é um aparelho inspiratório amplamente utilizado na reabilitação pulmonar.,LojaDoMedico,FISIOTERAPIA,Vazio
37,Lupa de Pala c/ Visor Articulado de 3 Dioptrias ESTEK,"R$ 125,00",https://www.lojadomedico.com.br/lupa-de-pala-com-visor-articulado-de-4-dioptrias/p,"Lente de aumento afixada na cabeça para ser usada em procedimentos médicos e/ou estéticos. Leve. Regulável. Acompanha Maleta. Lentes de 3, 4 e 5 dioptrias.",LojaDoMedico,CORPO E CONFORTO,ESTÉTICA
38,Massageador Elétrico Portátil AOYAMA - 2 INTENSIDADES E 5 PEÇAS!,"R$ 172,00",https://www.lojadomedico.com.br/massageador-com-5-pecas/p,Jogo de 5 peças para variadas funções. Possui 2 graduações de vibração. Acompanha bolsa p/ seu armazenamento. Garantia: 2 anos.,LojaDoMedico,CORPO E CONFORTO,MASSAGEADORES
39,Massageador Body Massager - Massagens circulares e vibratórias. SUPERMEDY,"R$ 138,00",https://www.lojadomedico.com.br/massageador-body-massager-supermedy/p,"Excelente potente massageador para redução de medidas, celulite e drenagem linfática. Ótimo para relaxamento muscular e auto-massagens.",LojaDoMedico,CORPO E CONFORTO,MASSAGEADORES
40,Máscara p/ Repouso - Black Mask,"R$ 21,00",https://www.lojadomedico.com.br/mascara-para-repouso-black-mask/p,Protege os olhos da claridade indesejada na hora de dormir.,LojaDoMedico,CORPO E CONFORTO,CONFORTO EM CASA
41,Coxim - Proteção para evitar escaras,"R$ 54,00",https://www.lojadomedico.com.br/coxim---protecao-para-evitar-escaras--/p,Ideal para proteção de proeminências ósseas de diversas partes do corpo. Marca: Salvapé,LojaDoMedico,CORPO E CONFORTO,CONFORTO EM CASA
42,Termômetro Máxima e Mínima Digital - SUPERMEDY,"R$ 158,00",https://www.lojadomedico.com.br/termometro-maxima-e-minima-digital/p,Marca: Supermedy / Garantia: 6 meses,LojaDoMedico,MATERIAL MÉDICO,Vazio
43,Forração Ortopédica Rolo SALVAPÉ,"R$ 42,00",https://www.lojadomedico.com.br/forracao-ortopedica-rolo-salvape/p,Marca: Salvapé / Comprimento: 45 cm,LojaDoMedico,CORPO E CONFORTO,Vazio
44,Kit Gel Anti Escaras c/4un. - Marca: Bioflorence,"R$ 36,00",https://www.lojadomedico.com.br/kit-gel-anti-escaras-c-4un--/p,Marca: Bioflorence,LojaDoMedico,CORPO E CONFORTO,Vazio
45,Balança Digital glass 8 G-TECH - Capacidade 150KG. Plataforma em vidro temperado 8mm.,Vazio,https://www.lojadomedico.com.br/balanca-digital-glass-8-g-tech/p,Marca: G-TECH,LojaDoMedico,CORPO E CONFORTO,CONFORTO EM CASA
46,Faixa Abdominal Ajustável de Neoprene - Chantal,Vazio,https://www.lojadomedico.com.br/faixa-abdominal-ajustavel-de-neoprene--/p,Tamanho: Único,LojaDoMedico,CINTAS E COLETES,Vazio
47,Escova Dental à Pilha TECHLINE - REF: EDA-01,Vazio,https://www.lojadomedico.com.br/escova-dental-a-pilha-techline-/p,Ref: EDA-01,LojaDoMedico,CORPO E CONFORTO,CONFORTO EM CASA
48,Almofada Assento Gel - Encosto Inflável - Bioflorence,Vazio,https://www.lojadomedico.com.br/almofada-assento-gel---encosto-inflavel/p,Assento: Enchimento de Gel / Encosto: Inflável,LojaDoMedico,CORPO E CONFORTO,ALMOFADAS E COLCHÕES
49,Posicionador de Cabeça SALVAPÉ - Protege a cabeça de escaras.,Vazio,https://www.lojadomedico.com.br/posicionador-de-cabeca-salvape/p,Para evitar escaras na cabeça de pessoas acamadas por muito tempo.,LojaDoMedico,CORPO E CONFORTO,Vazio
50,Massageador Facial 5 em 1 SUPERMEDY - Acompanha 5 peças. Perfeito para relaxamento facial!,Vazio,https://www.lojadomedico.com.br/massageador-facial-5-em-1-supermedy/p,Suave massagem facial. *Acompanha 5 peças para diferentes tipos de massagem.,LojaDoMedico,CORPO E CONFORTO,MASSAGEADORES
51,Aparelho Eletroestimulador Tens G-Tech - Tens Alívio Já,Vazio,https://www.lojadomedico.com.br/aparelho-eletroestimulador-tens-g-tech/p,Alívio Já!,LojaDoMedico,CORPO E CONFORTO,Vazio
52,Irrigador Oral - Waterpik - Ideal para a higiene oral,Vazio,https://www.lojadomedico.com.br/irrigador-oral---waterpik-/p,Modelo: WF-02B011,LojaDoMedico,CORPO E CONFORTO,Vazio
53,Almofada d´água Redonda c/ Orifício - Bioflorence,"R$ 36,00",https://www.lojadomedico.com.br/almofada-d-agua-redonda-c--orificio--/p,Bioflorence,LojaDoMedico,CORPO E CONFORTO,ALMOFADAS E COLCHÕES
54,Banco p/ Banho MEBUKI,"R$ 235,00",https://www.lojadomedico.com.br/banco-para-banho/p,Para maior segurança e comodidade durante o banho. Suporta até 100 kg.,LojaDoMedico,CORPO E CONFORTO,CONFORTO EM CASA
55,"Elevação p/ Assento Sanitário MEBUKI - ALTURA: 13,5 cm","R$ 169,00",https://www.lojadomedico.com.br/elevac-o-p-assento-sanitario/p,"Facilita a utilização do vaso sanitário sem muito esforço físico. Altura: 13,5 cm Ideal para pessoas acima de 1,70mt até 120 kg. DIMENSÕES: 39X44cm / 13,5cm de altura",LojaDoMedico,CORPO E CONFORTO,CONFORTO EM CASA
56,Shaker - Fisioterapia Respiratória,"R$ 68,00",https://www.lojadomedico.com.br/shaker-aparelho-para-fisioterapia-respiratoria/p,Eficiência na expectoração e no combate ao acúmulo de secreções prevenindo infecções bronco-pulmonares.,LojaDoMedico,CORPO E CONFORTO,RESPIRAR BEM
57,Termômetro digital COM PONTA FLEXÍVEL MC-343F OMRON,"R$ 28,00",https://www.lojadomedico.com.br/termometro-digital-flexivel-mc-343f/p,Emite aviso sonoro quando acusa a temperatura. Resistemte à água. Possui memória da última leitura. Bateria substituível. Garantia de 1 ano.,LojaDoMedico,MATERIAL MÉDICO,Vazio
58,Almofada Impermeável p/ Cadeira de Banho - Bioflorence,"R$ 72,00",https://www.lojadomedico.com.br/almofada-impermeavel-p-cadeira-de-banho-bioflorence/p,Com encaixe p/ Cadeira de Banho.,LojaDoMedico,CORPO E CONFORTO,ALMOFADAS E COLCHÕES
59,Massageador Pessoal G-Tech IR-Magnet Plus,"R$ 129,50",https://www.lojadomedico.com.br/massageador-pessoal-g-tech-ir-magnet-plus/p,Produz uma massagem intensa e relaxante.,LojaDoMedico,CORPO E CONFORTO,MASSAGEADORES
60,Espaçador Valvulado MEDICATE (Máscara: INFANTIL) - Espaçador Valvulado LUFTCHAMBER (Máscara: INFANTIL),Vazio,https://www.lojadomedico.com.br/espacador-valvulado-medicate-tam-mascara-pequena/p,Uso conjunto com inaladores Spray. Facilita a coordenação: Spray x Inspiração.,LojaDoMedico,CORPO E CONFORTO,RESPIRAR BEM
61,Dilatador Nasal - Clear Passage® (09 un.),Vazio,https://www.lojadomedico.com.br/dilatador-nasal-clear-passager/p,Facilita a respiração e alivia o congestionamento nasal.,LojaDoMedico,CORPO E CONFORTO,RESPIRAR BEM
62,Encosto Confort tipo Triângulo + Capa Removível. - Triângulo Encosto,Vazio,https://www.lojadomedico.com.br/encosto-confort-tipo-triangulo-capa/p,•	Perfeito para o relaxamento de seu corpo! •Acompanha capa removível com zíper •Tamanho: 45x65x30 cm,LojaDoMedico,CORPO E CONFORTO,CONFORTO EM CASA
63,Almofada Terapêutica - MERCUR,Vazio,https://www.lojadomedico.com.br/almofada-terapeutica/p,A almofada mais usada em casos de hemorróidas e pós-cirúrgicos de coluna. Para pessoas de até 130 kg.,LojaDoMedico,CORPO E CONFORTO,ALMOFADAS E COLCHÕES
64,Almofada Lombar Anatômica BERKELEY,Vazio,https://www.lojadomedico.com.br/almofada-lombar-anatomica-berkeley/p,Tecnologia desenvolvida pela NASA. Espuma que não deforma.,LojaDoMedico,CORPO E CONFORTO,ALMOFADAS E COLCHÕES
65,Assento p/ Cadeira de Banho MEBUKI,Vazio,https://www.lojadomedico.com.br/assento-p-cadeira-de-banho/p,- Resistente e higiênico - Própria para cadeira de banho.,LojaDoMedico,CORPO E CONFORTO,CONFORTO EM CASA
66,Travesseiro d`água - Tam:40x60cm,Vazio,https://www.lojadomedico.com.br/travesseiro-d-agua-tam-40x60cm-ag-plasticos/p,Travesseiro desenvolvido p/ pessoas acamadas p/ evitar ferimentos (escaras) na cabeça. DIMENSÕES: 40cm x 60cm,LojaDoMedico,CORPO E CONFORTO,ALMOFADAS E COLCHÕES
67,Banco para Banho c/ Encosto PRAXIS,Vazio,https://www.lojadomedico.com.br/banco-para-banho-c-encosto-sb106-marca-praxis/p,Estrutura em alumínio - Assento e encosto em plástico reforçado - Altura do assento regulável de 34 a 52 cm. Capacidade: 120Kg,LojaDoMedico,CORPO E CONFORTO,CONFORTO EM CASA
68,"Elevação p/ Assento Sanitário MEBUKI - ALTURA: 7,5 cm",Vazio,https://www.lojadomedico.com.br/elevac-o-p-assento-sanitario-mebuki-altura-7-5-cm/p,"Facilita a utilização do vaso sanitário. Ideal para pessoas abaixo de 1,70mt até 120 kg. DIMENSÕES: 39X44cm / 7,5cm de altura.",LojaDoMedico,CORPO E CONFORTO,CONFORTO EM CASA
69,Espaçador Valvulado LUFTCHAMBER - Máscara: INFANTIL,Vazio,https://www.lojadomedico.com.br/espacador-valvulado-luftchamber-mascara-beb/p,Acompanha máscara modelo INFANTIL.,LojaDoMedico,CORPO E CONFORTO,RESPIRAR BEM
70,"Termômetro Digital de Testa SEM CONTATO G-TECH - Simples, rápido e higiênico Marca: G-TECH",Vazio,https://www.lojadomedico.com.br/termometro-infravermelho-de-testa-e-ouvido-g-tech/p,"- Medição Instantânea por Infravermelho - Temperatura no Ouvido, Testa e de Ambientes - Dez memórias - Sensor à prova de água - Visor Iluminado - Dispensa capas de prova - Desligamento Automático - Inclui prático suporte que o transforma em relógio de mesa - Bateria Inclusa",LojaDoMedico,CORPO E CONFORTO,MAMÃE E BEBÊ
71,Pró-Coluna Almofada Ortopédica Anatômica - Mais conforto para sua coluna!,Vazio,https://www.lojadomedico.com.br/assento-ortopedico-dr-coluna--relaxmedic-/p,Alivia as dores lombares e corrige a postura. Cor: CINZA.,LojaDoMedico,CORPO E CONFORTO,CONFORTO EM CASA
72,Barra de Apoio 40cm SEQUENCIAL,"R$ 96,00",https://www.lojadomedico.com.br/barra-de-apoio-40cm-sequencial/p,Apoio a pessoas com dificuldade de locomoção.,LojaDoMedico,CORPO E CONFORTO,CONFORTO EM CASA
73,Inalador e nebulizador NEBCOM V - G-Tech,Vazio,https://www.lojadomedico.com.br/nebulizador-inalar-compact-marca--ns/p,G-Tech,LojaDoMedico,MATERIAL MÉDICO,NEBULIZADORES
74,Bomba Elétrica Tira-Leite Materno Compact G-TECH,Vazio,https://www.lojadomedico.com.br/bomba-eletrica-tira-leite-materno-compact-g-tech/p,"Conforto, sem causar dor ou incômodo à lactante.",LojaDoMedico,CORPO E CONFORTO,MAMÃE E BEBÊ
75,Almofada Térmica Automática A5 La Sure - Três níveis de temperaturas. Bivolt. Toque macio.,Vazio,https://www.lojadomedico.com.br/almofada-termoeletrica/p,"A Almofada Termoelétrica La-Sure substitui a bolsa de água quente, apresentando segurança e eficiência.",LojaDoMedico,CORPO E CONFORTO,ALMOFADAS E COLCHÕES
76,Almofada Anti-Refluxo Adulto COPESPUMA,Vazio,https://www.lojadomedico.com.br/almofada-anti-refluxo-adulto/p,"Auxilia na redução dos sintomas do refluxo. Evita azia, tosse, rouquidão, pigarro; reduz o ronco; melhora a respiração nos casos de obstrução nasal. Acompanha capa removível e lavável em tecido 100% algodão.",LojaDoMedico,CORPO E CONFORTO,ALMOFADAS E COLCHÕES
77,"Curativo Bota de Unna 10,2 cm x 9,14 m - Tratamento de Feridas - MARCA: Curatec","R$ 56,00",https://www.lojadomedico.com.br/curativo-bota-de-unna-102-cm-x-914-m---tratamento-de-feridas/p,"Curatec Bota de Unna é uma terapia contensiva eficiente e acessível. É indicado para o tratamento de úlceras venosas e também edema linfático dos membros inferiores. Auxilia o retorno venoso, diminui o edema e permite flexibilidade e conforto.",LojaDoMedico,CURATIVOS,Vazio
78,Gaze em rolo NATALY 91cm x 91m. Não Estéril. - America Medical,"R$ 98,00",https://www.lojadomedico.com.br/gaze-em-rolo-nataly-91cm-x-91m--nao-esteril-/p,Gaze em rolo NEVE 91cm x 91m 09 Fios 08 Camadas 100% Algodão NÃO ESTÉRIL,LojaDoMedico,MATERIAL MÉDICO,DESCARTÁVEIS
79,Pielsana Loção Hidratante - 200 ml,"R$ 34,55",https://www.lojadomedico.com.br/pielsana-locao-hidratante-/p,Loção Hidratante A.G.E,LojaDoMedico,CURATIVOS,Vazio
80,"Esparadrapo Impermeável 10CM X 4,5MT - MISSNER - Cor: Branco","R$ 12,00",https://www.lojadomedico.com.br/esparadrapo-impermeavel-10cm-x-45mt---missner-/p,Impermeável - Extra Flexível,LojaDoMedico,CURATIVOS,Vazio
81,Placa Medgel c/1 un. TAM: 10 cm x 10 cm - 100% Silicone,"R$ 156,90",https://www.lojadomedico.com.br/placa-medgel-c-1-un--tam--10-cm-x-10-cm-/p,•Tamanho 10x10 cm. •PODE SER RECORTADO!,LojaDoMedico,CURATIVOS,Vazio
82,Limpador de Pele sem Enxágue CAVILON - Cavilon Ref: 3380,"R$ 125,00",https://www.lojadomedico.com.br/limpador-de-pele-sem-enxague-cavilon--/p,"Solução que limpa suavemente a pele, sem irritar.  250 ML",LojaDoMedico,CURATIVOS,Vazio
83,Tira Medgel c/1 un. TAM: 30 cm x 2 cm - MedGel Tira c/1 un.,"R$ 119,50",https://www.lojadomedico.com.br/tira-medgel-c-1-un--/p,100% Silicone,LojaDoMedico,CURATIVOS,Vazio
84,Mentoneira Facial FAMARA - Modelo: BIOATIVA - Ref: 37265,"R$ 62,00",https://www.lojadomedico.com.br/mentoneira-facial/p,Marca: Famara,LojaDoMedico,CURATIVOS,Vazio
85,Hidrogel com AGE 30g Estéril - Curatec,"R$ 58,00",https://www.lojadomedico.com.br/hidrogel-com-age-30g/p,Hidrogel com AGE é indicado para promover desbridamento autolítico e estimular a cicatrização.,LojaDoMedico,CURATIVOS,Vazio
86,Óleo Pielsana 200 ml - Produto a base de A.G.E (Ácidos Graxos Essenciais),"R$ 49,50",https://www.lojadomedico.com.br/oleo-pielsana-200-ml--/p,Prevenção e Tratamento de Feridas,LojaDoMedico,CURATIVOS,Vazio
87,Disco Medgel c/2un - Silimed,"R$ 162,00",https://www.lojadomedico.com.br/disco-medgel-c-2un-/p,Marca: Silimed,LojaDoMedico,CURATIVOS,Vazio
88,Kit Sutura KOLOPLAST - O kit contém 7 itens / Produto estéril.,"R$ 55,00",https://www.lojadomedico.com.br/kit-sutura-esteril-descartavel-kolplast-/p,Marca: Koloplast / O Kit é composto por 7 Itens.,LojaDoMedico,CURATIVOS,Vazio
89,CAVILON CREME - Barreira Protetora da Pele,"R$ 133,00",https://www.lojadomedico.com.br/cavilon-creme-barreira-duravel-protetora-da-pele-28g-marca-3m/p,"- Protege e hidrata a pele - Possui pH levemente ácido, que preserva a integridade da pele - Durável (por até dois dias): requer menor quantidade em cada aplicação - Permite adesão de fitas e curativos.",LojaDoMedico,CURATIVOS,Vazio
90,Fita de Silicone 3M 2.5CM X 5M - Marca 3M / Ref.: 2770-1,"R$ 65,50",https://www.lojadomedico.com.br/fita-de-silicone-3m-2-5cm-x-5m/p,item_76fita,LojaDoMedico,CURATIVOS,Vazio
91,Proteção Ortopédica p/ Calcanhar e Tornozelo CHANTAL,"R$ 26,00",https://www.lojadomedico.com.br/forrac-o-ortopedica-p-calcanhar-e-tornozelo-evita-escaras-nos-pes-de-pacientes-acamados-interior-em-espuma-caixa-de-ovo-marca-chantal/p,Prevenção de escaras no calcanhar. Marca: CHANTAL,LojaDoMedico,FISIOTERAPIA,PERNAS E PÉS
92,Meia VENOSAN Legline ATM 15-23 mmHg - Meia-Calça GESTANTE,"R$ 148,00",https://www.lojadomedico.com.br/meia-venosan-legline-atm-15-23-mmhg---meia-calca-gestante-/p,Meia-Calça GESTANTE 15-23 Dedos abertos,LojaDoMedico,MEIAS DE COMPRESSÃO,Vazio
93,Meia Venosan SportActive Cor: PRETA - Meia para prática de esportes.,"R$ 82,00",https://www.lojadomedico.com.br/venosan-sport-preta/p,As meias de compressão Venosan SportActive são produzidas especialmente para desportistas. Seu design proporciona conforto anatômico. Melhora a performance e diminui o tempo de recuperação auxiliando na eliminação do ácido láctico. Ajuda na recuperação pós exercício facilitando o processo metabólico.,LojaDoMedico,MEIAS DE COMPRESSÃO,Vazio
94,Meia Venosan Comfortline 20-30 mmHg PANTURRILHA,"R$ 167,00",https://www.lojadomedico.com.br/meia-venosan-20-30-confortline-panturrilha/p,"A meia possui abertura na ponta, proporcionando liberdade para os dedos. A combinação perfeita entre conforto e naturalidade, proporcionado agradável sensação ao vestir. Cor da meia: Bege.",LojaDoMedico,MEIAS DE COMPRESSÃO,Vazio
95,Meia Venosan 6000 - 2030 mmHg MEIA-COXA 7/8,"R$ 165,00",https://www.lojadomedico.com.br/meia-venosan-6000-meia-coxa-20-30mmhg/p,Possui ABERTURA na ponta dos DEDOS. Mais fina e discreta. Cor da meia: BEGE,LojaDoMedico,MEIAS DE COMPRESSÃO,Vazio
96,Meia Venosan SportActive Cor: BEGE - Meia de compressão especial para prática de esportes.,"R$ 82,00",https://www.lojadomedico.com.br/meia-venosan-sportactive-cor--bege---meia-de-compressao-especial-para-pratica-de-esportes-/p,As meias de compressão Venosan SportActive são produzidas especialmente para desportistas. Seu design proporciona conforto anatômico. Melhora a performance e diminui o tempo de recuperação auxiliando na eliminação do ácido láctico. Ajuda na recuperação pós exercício facilitando o processo metabólico.,LojaDoMedico,MEIAS DE COMPRESSÃO,Vazio
97,Meia VENOSAN Legline 20-30 mmHg - MEIA-COXA 7/8,"R$ 162,00",https://www.lojadomedico.com.br/meia-venosan-legline-20-30-mmhg---panturrillha-7-8/p,"Mais fina e discreta - medicinais com nova aparência, sensibilidade e conforto. Cor da meia: OLINDA - Dedos Abertos. Contém tira de silicone para melhor aderência na coxa.",LojaDoMedico,MEIAS DE COMPRESSÃO,Vazio
98,Meia VENOSAN Legline 15-23 mmHg - PANTURRILHA,"R$ 72,00",https://www.lojadomedico.com.br/meia-venosan-legline-15-23-mmhg---panturrilha-/p,"A linha LegLine 15-23 são meias de suave compressão feminina, usadas na prevenção de varizes e cansaço nas pernas. Aparência discreta e natural. Dedos abertos.",LojaDoMedico,MEIAS DE COMPRESSÃO,Vazio
99,Meia VENOSAN Ultraline 4000 - 20-30 mmHg - MEIA-CALÇA,"R$ 235,00",https://www.lojadomedico.com.br/meia-venosan-ultraline-4000---20-30-mmhg---meia-calca-/p,"Tactel Micro Fiber - material mais leve e fresco, perfeita para ser usada no verão. Dedos abertos. Cor da Meia: Bege.",LojaDoMedico,MEIAS DE COMPRESSÃO,Vazio
100,Meia VENOSAN Legline 15-23 mmHg - MEIA-CALÇA,"R$ 128,00",https://www.lojadomedico.com.br/mais-fina-e-discreta--com-dedos-abertos--cor-da-meia--bege/p,"A linha LegLine são meias de compressão feminina, usada na prevenção de varizes e cansaço nas pernas. Aparência discreta e natural.",LojaDoMedico,MEIAS DE COMPRESSÃO,Vazio
101,Meia Kendall Média Compressão - 7/8 MEIA-COXA Sem Ponteira,"R$ 144,00",https://www.lojadomedico.com.br/meia-kendall-media-compressao---7-8-meia-coxa-sem-ponteira/p,Com Tecnologia Ultra Pro / Composição 84% poliamida 16% Elástano / Dedos Livres / Cor: Mel,LojaDoMedico,MEIAS DE COMPRESSÃO,Vazio
102,Braçadeira Venosan 30-40mmHg Comfortline Cotton,"R$ 179,00",https://www.lojadomedico.com.br/bracadeira-venosan-30-40mmhg-/p,"A braçadeira é indicada para tratamento de linfedema no membro superior, presente em mulheres que sofrem mastectonomia (retirada da mama). Uso pós-operatório, evitando o inchaço do braço. Modelo: ZH (Até o metacarpo)",LojaDoMedico,MEIAS DE COMPRESSÃO,Vazio
103,Meia VENOSAN Legline 15-23 mmHg - MEIA-COXA,"R$ 125,00",https://www.lojadomedico.com.br/meia-venosan-legline-15-23-mmhg--meia-coxa/p,"A linha LegLine 15-23 são meias de suave compressão feminina, usadas na prevenção de varizes e cansaço nas pernas. Aparência discreta e natural. Dedos abertos.",LojaDoMedico,MEIAS DE COMPRESSÃO,Vazio
104,Meia VENOSAN Legline 20-30 mmHg - PANTURRILLHA 3/4,"R$ 92,00",https://www.lojadomedico.com.br/meia-venosan-legline-20-30-mmhg-panturrilha/p,"Mais fina e discreta - medicinais com nova aparência, sensibilidade e conforto. Cor da meia: OLINDA - Dedos Abertos.",LojaDoMedico,MEIAS DE COMPRESSÃO,Vazio
105,Meia Venosan ULCERAID,"R$ 251,00",https://www.lojadomedico.com.br/meia-venosan-ulceraid-/p,Silver and Tactel Micro Fiber,LojaDoMedico,MEIAS DE COMPRESSÃO,Vazio
106,Meia Kendall Média Compressão PANTURRILHA 3/4 Sem Ponteira,"R$ 81,00",https://www.lojadomedico.com.br/meia-kendall-3-4-media-compress-o-s-ponteira/p,Para longas permanências em pé ou sentada. / Composição: 87% Poliamida 13% Elastano / Cor: MEL,LojaDoMedico,MEIAS DE COMPRESSÃO,Vazio
107,Meia-Calça Kendall Média Compressão - Sem Ponteira,"R$ 169,00",https://www.lojadomedico.com.br/meia-calca-kendall-media-compress-o-s-ponteira/p,Dedos Abertos / COMPOSIÇÃO 87% Poliamida 13% Elastano / Cor: MEL,LojaDoMedico,MEIAS DE COMPRESSÃO,Vazio
108,Meia Venosan Comfortline 20-30 mmHg MEIA-COXA 7/8,"R$ 220,00",https://www.lojadomedico.com.br/meia-venosan-confortline-20-30-mmhg-meia-coxa/p,A meia possui abertura na ponta. Cor da meia: BEGE,LojaDoMedico,MEIAS DE COMPRESSÃO,Vazio
109,Meia Kendall Suave Compressão - 3/4 PANTURRILHA Sem Ponteira,"R$ 72,00",https://www.lojadomedico.com.br/meia-kendall-3-4-suave-compress-o-s-ponteira/p,Cor da meia: MEL - Suave Compressão,LojaDoMedico,MEIAS DE COMPRESSÃO,Vazio
110,Meia Kendall Suave Compressão - 7/8 MEIA-COXA Sem Ponteira,"R$ 119,50",https://www.lojadomedico.com.br/meia-kendall-7-8-suave-compress-o-s-ponteira/p,A meia 7/8 MEIA-COXA possui tiras de silicone na base coxa para melhor aderência na pele / Cor: Mel,LojaDoMedico,MEIAS DE COMPRESSÃO,Vazio
111,MEIA-CALÇA - Kendall Suave Compressão Sem Ponteira,"R$ 126,00",https://www.lojadomedico.com.br/meia-calca-kendall-suave-compress-o-s-ponteira/p,Cor: MEL / Sem ponteira / COMPOSIÇÃO: 87% Poliamida 13% Elastano,LojaDoMedico,MEIAS DE COMPRESSÃO,Vazio
112,Meia Venosan AES Antiembolia 18 mmHg - PANTURRILHA 3/4,"R$ 97,00",https://www.lojadomedico.com.br/meia-venosan-aes-antiembolia-ad-panturrilha/p,"Contribuem para evitar a formação de trombos que provocam embolias pulmonares ou insuficiência venosa crônica. A meia vem embalada em embalagem estéril ideal para ser usada em hospitais ou centro cirúrgico, em prés ou pós-operatórios. Cor da meia: Branca",LojaDoMedico,MEIAS DE COMPRESSÃO,Vazio
113,Meia Kendall 3/4 Média Compressão MASCULINA (Cor:Preta),"R$ 135,00",https://www.lojadomedico.com.br/meia-kendall-3-4-media-compress-o-masculina-cor-preta/p,"Meia Masculina / Cor: Preta / Perfeita para prevenção de varizes, para pessoas que passam muito tempo de pé e para longas viagens.",LojaDoMedico,MEIAS DE COMPRESSÃO,Vazio
114,Meia Venosan SportActive - Cor: ROSA - Meia para prática de esportes.,"R$ 82,00",https://www.lojadomedico.com.br/venosan-sportactive-rosa/p,As meias de compressão Venosan SportActive são produzidas especialmente para desportistas. Seu design proporciona conforto anatômico. Melhora a performance e diminui o tempo de recuperação auxiliando na eliminação do ácido láctico. Ajuda na recuperação pós exercício facilitando o processo metabólico.,LojaDoMedico,MEIAS DE COMPRESSÃO,Vazio
115,Meia VENOSAN Ultraline 4000 - 20-30 mmHg - PANTURRILHA 3/4,"R$ 169,00",https://www.lojadomedico.com.br/meia-venosan-ultraline-20-30-mmhg-panturrilha/p,"Tactel Micro Fiber - material mais leve e fresco, perfeita para ser usada no verão. Dedos abertos. Cor da Meia: Bege.",LojaDoMedico,MEIAS DE COMPRESSÃO,Vazio
116,Meia Kendall 3/4 Suave Compressão MASCULINA (Cor:Preta),"R$ 92,50",https://www.lojadomedico.com.br/meia-kendall-3-4-suave-compress-o-masculina-cor-preta/p,"Meia Masculina / Cor: Preta / Perfeita para prevenção de varizes, para pessoas que passam muito tempo de pé e para longas viagens.",LojaDoMedico,MEIAS DE COMPRESSÃO,Vazio
117,Meia Venosan AES Antiembolia 18 mmHg (Meia-Coxa),"R$ 143,00",https://www.lojadomedico.com.br/meiavenosanaesantiembolia18-mmhgmeiacoxa/p,"A meia vem embalada em embalagem estéril ideal para ser usada em hospitais ou centro cirúrgico, em prés ou pós-operatórios. Cor da meia: Branca.",LojaDoMedico,MEIAS DE COMPRESSÃO,Vazio
118,Meia VENOSAN Ultraline 4000 - 20-30 mmHg - MEIA-COXA 7/8,"R$ 238,00",https://www.lojadomedico.com.br/meiavenosanultraline40002030mmhg-meiacoxa7-8/p,"Meia com efeito climático TACTEL, feita de material mais leve, é ideal para ser usada no verão. Cor da meia: Bege",LojaDoMedico,MEIAS DE COMPRESSÃO,Vazio
119,Meia Venosan Comfortline Cotton 20-30 mmHg (3/4 Panturrilha),"R$ 196,00",https://www.lojadomedico.com.br/meia-venosan-comfortline-cotton-20-30-mmhg--3-4-panturrilha-/p,Recomendada para peles mais sensíveis. Ideal para ser usada no verão. Dedos abertos. Cor da meia: Bege.,LojaDoMedico,MEIAS DE COMPRESSÃO,Vazio
120,Meia Venosan Supportline Soft AD - UNISSEX 3/4 (Panturrilha) - Cor: Preta,"R$ 89,00",https://www.lojadomedico.com.br/meia-venosan-supportline-soft---masculina-3-4--panturrilha----cor--preta/p,"Perfeita para prevenção de varizes, compressão leve para uso diário, unissex, ótima para longas viagens e para quem passa muito tempo de pé. e  Meia de compressão UNISSEX. Para quem passa muito tempo de pé. Compressão: 18-22 MMHG. Cor: Preta / Dedos dos pés fechados.",LojaDoMedico,MEIAS DE COMPRESSÃO,Vazio
121,Meia Venosan 6000 PANTURRILHA 3/4 - 2030 mmHg,"R$ 115,00",https://www.lojadomedico.com.br/meia-venosan-6000-panturrilha-20-30-mmhg/p,"Mais fina e discreta - medicinais com nova aparência, sensibilidade e conforto. Cor da meia: BEGE",LojaDoMedico,MEIAS DE COMPRESSÃO,Vazio
122,Cinta Protetora de Gastrostomia MERCUR,Vazio,https://www.lojadomedico.com.br/cinta-protetora-de-gastrostomia-/p,Fechamento c/ Velcro (Cinta para GTT),LojaDoMedico,CINTAS E COLETES,Vazio
123,Cinta p/ Bolsa de  Colostomia (Ostomizados) Unissex Bege,"R$ 169,00",https://www.lojadomedico.com.br/cinta-p--bolsa-de--colostomia--ostomizados--unissex-bege/p,FLAMBÉ,LojaDoMedico,CINTAS E COLETES,Vazio
124,Protetor Bucal FIGHT,"R$ 24,00",https://www.lojadomedico.com.br/protetor-bucal-fight-/p,Proteção para os dentes durante a prática de esportes. Perfeito para lutadores.,LojaDoMedico,ESPORTES,Vazio
125,Sapatilha Hidroginástica,"R$ 52,00",https://www.lojadomedico.com.br/sapatilha-hidroginastica-/p,Kestal,LojaDoMedico,ESPORTES,Vazio
126,Pilates Ring - Anel Tonificador - Pilates Ring SUPERMEDY,"R$ 132,00",https://www.lojadomedico.com.br/pilates-ring---anel-tonificador/p,"Leve, flexível e fácil de carregar.",LojaDoMedico,FISIOTERAPIA,Vazio
127,Fita Elástica p/ Kinesiologia AZUL - MacroLife,"R$ 55,00",https://www.lojadomedico.com.br/kinesiotape-azul---made-in-japan/p,Evita lesões e relaxa a musculatura tensa. Usada para fins esportivos e de fisioterapia. Diminui a dor e evita lesões.,LojaDoMedico,ESPORTES,Vazio
128,Protetor de Silicone p/ Ouvidos - Dogma,Vazio,https://www.lojadomedico.com.br/protetor-de-silicone-p--ouvidos-ortho-pauher--/p,- Fácil modelagem - Confortável - Higiênico,LojaDoMedico,ESPORTES,Vazio
129,Adipômetro Plástico p/ Medição de Massa Corporal - Limite de medida: 70 mm,"R$ 21,50",https://www.lojadomedico.com.br/adipometro-plastico-p--medicao-de-massa-corporal---loja-do-medico-/p,Cor: Bege,LojaDoMedico,ESPORTES,Vazio
130,Calcanheira PauherSupport Ref: 1021 Ortho Pauher,"R$ 95,50",https://www.lojadomedico.com.br/calcanheira-pauhersupport-ref--1021-ortho-pauher/p,Com amortecedor de silicone REF: 1021,LojaDoMedico,ESPORTES,PALMILHAS E CALCANHEIRAS
131,Colar Cervical Espuma MERCUR,"R$ 36,00",https://www.lojadomedico.com.br/colar-cervical-espuma-mercur-/p,Cor: Azul Marinho,LojaDoMedico,FISIOTERAPIA,Vazio
132,Joelheira  c/ Orifício e Reforço (Cor: Bege) KESTAL,"R$ 39,00",https://www.lojadomedico.com.br/joelheira--c--orificio-e-reforco-kestal-/p,Cor: Bege,LojaDoMedico,FISIOTERAPIA,Vazio
133,Almofada de Silicone Yoga Pad - Perfeita p/ auxiliar a prática do Yoga.,"R$ 185,40",https://www.lojadomedico.com.br/almofada-de-silicone-yoga-pad-/p,Marca: OrthoPauher,LojaDoMedico,ESPORTES,Vazio
134,Elástico para Exercício ROSA (LEVE) - Carci,"R$ 21,00",https://www.lojadomedico.com.br/elastico-para-exercicio-rosa--leve-/p,Perfeito para se exercitar em casa!,LojaDoMedico,ESPORTES,Vazio
135,Elástico para Exercício AZUL (MÉDIO FORTE) - Carci,"R$ 31,50",https://www.lojadomedico.com.br/elastico-para-exercicio-azul--medio-forte-/p,Perfeito para se exercitar em casa!,LojaDoMedico,ESPORTES,Vazio
136,Balança Mecânica G-TECH Modelo:Sport Anti-Derrapante,"R$ 55,00",https://www.lojadomedico.com.br/balanca-mecanica-g-tech-modelo-sport-anti-derrapante/p,Balança de uso pessoal doméstico. Modelo analógico (ponteiro) Sport Anti-Derrapante Cor: Cinza,LojaDoMedico,ESPORTES,Vazio
137,Carci Loop (Elástico p/ exercício) - Marca: Carci,"R$ 29,00",https://www.lojadomedico.com.br/carci-loop--elastico-p--exercicio--/p,PRATA - 35 x 05 cm,LojaDoMedico,ESPORTES,Vazio
138,Imobilizador Axilo Palmar Bilateral - SALVAPÉ Ref:3016,"R$ 198,00",https://www.lojadomedico.com.br/imobilizador-axilo-palmar-bilateral-salvape-/p,Marca: Salvapé,LojaDoMedico,FISIOTERAPIA,BRAÇOS E MÃOS
139,Pedal para Exercícios MACROLIFE - Mini Bike,"R$ 396,00",https://www.lojadomedico.com.br/pedal-para-exercicios-macrolife/p,Marca: Macrolife,LojaDoMedico,FISIOTERAPIA,Vazio
140,Calcanheira Siligel Ref:1002 Ortho Pauher,"R$ 79,00",https://www.lojadomedico.com.br/calcanheira-siligel-ref-1002-ortho-pauher/p,Com piloto Azul para Esporão de Calcâneo. Proporciona maior conforto no calcanhar. Ref: 1002,LojaDoMedico,FISIOTERAPIA,PERNAS E PÉS
141,"Bolsa Térmica de Gel QUENTE ou FRIO MERCUR P - Dimensões: 16 x 13,5cm / 200g | Cor: Azul","R$ 9,50",https://www.lojadomedico.com.br/bolsa-termica-de-gel-quente-ou-frio-mercur-p/p,"Tamanho Pequeno - Dimensões: 16 x 13,5cm / 200g | Cor: Azul",LojaDoMedico,FISIOTERAPIA,Vazio
142,Calcanheira de Siligel Ref: 1001 Ortho Pauher,"R$ 79,00",https://www.lojadomedico.com.br/calcanheira-de-silicone-ref--1001-ortho-pauher/p,Absorve até 98% do Impacto. Contém 01 Par. Alivia dores no calcanhar e absorve o impacto durante a prática de esportes. 100% Silicone.,LojaDoMedico,FISIOTERAPIA,PERNAS E PÉS
143,Calha AFO Flexível BracePauher,"R$ 179,00",https://www.lojadomedico.com.br/calha-flexivel---brace-pauher--/p,Ref.: AC 100,LojaDoMedico,FISIOTERAPIA,PERNAS E PÉS
144,Fita métrica para cálculo do IMC - MACROLIFE,"R$ 29,50",https://www.lojadomedico.com.br/fita-metrica-para-calculo-do-imc/p,Vazio,LojaDoMedico,ESPORTES,Vazio
145,Apoio de Cócoras MEBUKI - Ajuda a prevenir prisão de ventre.,"R$ 125,00",https://www.lojadomedico.com.br/apoio-de-cocoras-mebuki/p,Apoio para posicionamento de pés que auxilia permanecer na posição correta para a utilização do vaso sanitário.,LojaDoMedico,FISIOTERAPIA,Vazio
146,Tipoia em Brim Simples,"R$ 28,00",https://www.lojadomedico.com.br/tipoia-em-brim-simples/p,Chantal,LojaDoMedico,FISIOTERAPIA,BRAÇOS E MÃOS
147,Goniômetro (grande),"R$ 48,00",https://www.lojadomedico.com.br/goniometro-grande/p,"Sistema de transferidor de 0º a 360º. Medidas aproximadas 0,20x 0,05 (CxL). Em plástico transparente com 2 réguas para mensuração de amplitude articular.",LojaDoMedico,FISIOTERAPIA,Vazio
148,Corretivo para Joanete (Hallux Valgus) REF: 4050 - ORTHO PAUHER,"R$ 116,00",https://www.lojadomedico.com.br/hallux-dynamic-ref-4050-ortho-pauher/p,Prevenção e tratamento das deformidades do joanete. REF: 4050 / Marca: Ortho Pauher,LojaDoMedico,FISIOTERAPIA,PERNAS E PÉS
149,Sandália Augusta,"R$ 215,00",https://www.lojadomedico.com.br/-sandaliaaugustasalvape/p,Salvapé,LojaDoMedico,FISIOTERAPIA,Vazio
150,Protetor p/ Joanete Revestido c/ Gel Ref: SG-316 Ortho Pauher,"R$ 52,90",https://www.lojadomedico.com.br/protetor-p-joanete-revestido-c-gel-ref-sg-316-ortho-pauher/p,Protege o Joanete e alivia as dores.,LojaDoMedico,FISIOTERAPIA,PERNAS E PÉS
151,Joelheira com Dobradiças Metálicas MERCUR,"R$ 179,00",https://www.lojadomedico.com.br/joelheira-com-dobradicas-metalicas-mercur/p,"A Órtese para Joelho com Dobradiças Metálicas Mercur proporciona mais estabilidade ao joelho fraco ou lesionado. As dobradiças metálicas com trava oferecem reforço extra, prevenindo a hiperextensão e evitando a lateralização dos movimentos, permitindo extensão e flexão. Ref: BC0033-B",LojaDoMedico,FISIOTERAPIA,PERNAS E PÉS
152,Bolsa Térmica de Gel QUENTE ou FRIO MERCUR - Tamanho M / Comprimento: 26 / Altura: 15 cm,"R$ 22,50",https://www.lojadomedico.com.br/bolsa-termica-gel-tam-m-quente-frio/p,Tamanho Médio - Dimensões: 26cmx15cm,LojaDoMedico,FISIOTERAPIA,Vazio
153,Hand Grip - Alicate p/ Exercícios,"R$ 39,00",https://www.lojadomedico.com.br/hand-grip---alicate-p--exercicios-/p,Produto indicado aos praticantes de esporte em geral.,LojaDoMedico,FISIOTERAPIA,Vazio
154,Tala Imobilizadora de Dedos MERCUR - REF: BC0058,"R$ 79,00",https://www.lojadomedico.com.br/tala-dedos-mercur/p,"Projetada para ser usada na imobilização em todos os dedos da mão, exceto no polegar. REF: BC0058 BILATERAL / TAMANHO ÚNICO",LojaDoMedico,FISIOTERAPIA,BRAÇOS E MÃOS
155,Tipoia Imobilizadora Estofada Velpeau CHANTAL,"R$ 66,50",https://www.lojadomedico.com.br/tipoia-imobilizadora-estofada-velpeau-chantal/p,"Indicada em casos de imobilização do braço, em pós-operatórios, contusões e luxações. REF: C410",LojaDoMedico,FISIOTERAPIA,BRAÇOS E MÃOS
156,Protetor p/ Unhas Encravadas Skingel SG-100,"R$ 19,50",https://www.lojadomedico.com.br/protetor-p--unhas-encravadas-skingel-sg-100/p,Marca Ortho Pauher / Ref: SG-100,LojaDoMedico,FISIOTERAPIA,PERNAS E PÉS
157,Anel Digital de Malha c/ Almofada de Gel,"R$ 22,00",https://www.lojadomedico.com.br/anel-digital-de-malha-c--almofada-de-gel-/p,Proteção de Calos e Calosidades Interdigitais,LojaDoMedico,FISIOTERAPIA,PERNAS E PÉS
158,Colar Cervical PHILADELPHIA,"R$ 153,00",https://www.lojadomedico.com.br/colar-cervical-philadelphia/p,Marca: ORTOCENTER,LojaDoMedico,FISIOTERAPIA,Vazio
159,Tipóia Funcional (para pós-operatório do membro superior) CHANTAL - Tipóia Funcional - CÓD: c417u,"R$ 218,00",https://www.lojadomedico.com.br/tipoia-funcional--para-pos-operatorio-do-membro-superior--chantal/p,INDICAÇÕES: Abdução limitada do ombro para o uso no pós-operatório de cirurgia para manguito rotator.,LojaDoMedico,FISIOTERAPIA,BRAÇOS E MÃOS
160,Tornozeleira Elástica (PAR) Mercur,"R$ 32,00",https://www.lojadomedico.com.br/tornozeleira-elastica--par--mercur-/p,Cor: Preta / PAR,LojaDoMedico,FISIOTERAPIA,PERNAS E PÉS
161,Balance Disc - Desenvolvido para propriocepção.,"R$ 119,00",https://www.lojadomedico.com.br/balance-disc-marca-carci/p,"O Balance Disc é um produto desenvolvido para propriocepção, transfêrencia de peso e equilíbrio.",LojaDoMedico,FISIOTERAPIA,Vazio
162,Luva de Dedo Curto - FPU 50+ FAMARA,"R$ 76,50",https://www.lojadomedico.com.br/luva-de-dedo-curto---fpu-50--famara-/p,COMPOSIÇÃO: 87% poliamida 13% elastano,LojaDoMedico,FISIOTERAPIA,BRAÇOS E MÃOS
163,Corretivo p/ Joanete Siligel Ortho Pauher,"R$ 25,50",https://www.lojadomedico.com.br/corretivo-p--joanete-siligel-orthopauher--/p,Prevenção e Tratamento do Joanete. REF:4001. Contém: 01 PAR,LojaDoMedico,FISIOTERAPIA,PERNAS E PÉS
164,"Tala em P.V.C Punho, Mãos e Dedos (Esquerdo) CHANTAL","R$ 115,00",https://www.lojadomedico.com.br/tala-em-p-v-c-punho-m-os-e-dedos-esquerdo-chantal/p,Tamanho: Único - Lado: ESQUERDO,LojaDoMedico,FISIOTERAPIA,BRAÇOS E MÃOS
165,Meia p/ Coto s/ Gel p/ Amputado Transtibial Ref:SG-700 Ortho Pauher,"R$ 42,80",https://www.lojadomedico.com.br/meia-acessoria-p-coto-s-gel-p-amputado-transtibial-ref-sg-700-ortho-pauher/p,Ajuste e proteção do coto.,LojaDoMedico,FISIOTERAPIA,PERNAS E PÉS
166,Fita Elástica p/ Kinesiologia PRETO - MacroLife,"R$ 55,00",https://www.lojadomedico.com.br/kinesiotape-preto/p,Evita lesões e relaxa a musculatura tensa. Usada para fins esportivos e de fisioterapia. Diminui a dor e evita lesões.,LojaDoMedico,ESPORTES,Vazio
167,Órtese p/ Tornozelo MERCUR - Ajustável (Fechamento c/ velcro),"R$ 72,00",https://www.lojadomedico.com.br/ortese-p-tornozelo-mercur/p,Tratamento e na prevenção de lesões no tornozelo. Fechos ajustáveis oferecem ajuste sob medida. Tamanho: Único,LojaDoMedico,FISIOTERAPIA,PERNAS E PÉS
168,"Tala em P.V.C Punho, Mãos e Dedos (Direito) CHANTAL","R$ 115,00",https://www.lojadomedico.com.br/tala-em-p-v-c-punho-m-os-e-dedos-direito-chantal/p,Lado: DIREITO - Tamanho: Único,LojaDoMedico,FISIOTERAPIA,BRAÇOS E MÃOS
169,Fita Elástica p/ Kinesiologia BEGE - MacroLife,"R$ 55,00",https://www.lojadomedico.com.br/kinesiotape-bege/p,Evita lesões e relaxa a musculatura tensa. Usada para fins esportivos e de fisioterapia. Diminui a dor e evita lesões.,LojaDoMedico,ESPORTES,Vazio
170,Apoio Plantar p/ Metatarsalgia c/ Piloto Ref: 1011 Ortho Pauher - Apoio Plantar p/ Metatarsalgia c/ Piloto Ref: 1011 ORTHO PAUHER,"R$ 62,00",https://www.lojadomedico.com.br/apoio-plantar-p-metatarsalgia-c-piloto-ref-1011-ortho-pauher/p,"Prevenção e tratamento das patologias do ante-pé e alívio imediato das dores. Fabricado em silicone, material ultra macio e durável.",LojaDoMedico,FISIOTERAPIA,PERNAS E PÉS
171,Palmilha de Silicone Ref: 13000 Ortho Pauher,"R$ 98,00",https://www.lojadomedico.com.br/palmilha-de-silicone-orthopauher-1/p,ABSORVE ATÉ 98% DO IMPACTO - PERFEITA PARA A PRÁTICA DE ESPORTES. CONTÉM 01 PAR. REF:13000,LojaDoMedico,ESPORTES,PALMILHAS E CALCANHEIRAS
172,Cotoveleira Esporte MERCUR,"R$ 29,00",https://www.lojadomedico.com.br/cotoveleira-esporte-mercur/p,REF: BC0065-S / Prevenção e recuperação de tendinites e contusões.,LojaDoMedico,FISIOTERAPIA,BRAÇOS E MÃOS
173,Coxal Esporte MERCUR,"R$ 52,00",https://www.lojadomedico.com.br/coxal-esporte-mercur/p,Ideal para casos de estiramentos e distensões na região da coxa.,LojaDoMedico,FISIOTERAPIA,PERNAS E PÉS
174,Joelheira Esporte c/ Orifício Reforçado MERCUR,"R$ 39,00",https://www.lojadomedico.com.br/joelheira-esporte-c-orificio-reforcado-mercur/p,Ideal para prática de esportes. Eficaz na prevenção e recuperação de lesões na região do joelho.,LojaDoMedico,FISIOTERAPIA,PERNAS E PÉS
175,Corretivo 3 em 1 de Joanete Siligel Ortho Pauher,Vazio,https://www.lojadomedico.com.br/corretivo-3-em-1-de-joanete-siligel-ortho-pauher--/p,FÓRMULA EXCLUSIVA - MAIOR DURABILIDADE,LojaDoMedico,FISIOTERAPIA,PERNAS E PÉS
176,Dispenser Sabonete Líquido - Cor: Branca,Vazio,https://www.lojadomedico.com.br/dispenser-sabonete-liquido-/p,para ser usado com refil ou reservatório 800ml,LojaDoMedico,MATERIAL MÉDICO,Vazio
177,Colar Cervical c/ Apoio Mentoniano MERCUR,"R$ 67,00",https://www.lojadomedico.com.br/colar-cervical-c-apoio-mentoniano-mercur/p,"Restringe o movimento do pescoço durante o tratamento de traumatismos, torcicolos, artrites, entre outros.",LojaDoMedico,FISIOTERAPIA,Vazio
178,Tala Bilateral p/ Punho MERCUR,"R$ 39,50",https://www.lojadomedico.com.br/tala-bilateral-p-punho-mercur/p,Auxilia no alívio da dor e inflamações.,LojaDoMedico,FISIOTERAPIA,BRAÇOS E MÃOS
179,Splint Duplo para Dedo ORTHOPAUHER,Vazio,https://www.lojadomedico.com.br/splint-duplo-para-dedo-orthopauher-/p,BracePauher Ref: AC446,LojaDoMedico,FISIOTERAPIA,BRAÇOS E MÃOS
180,Protetor Adesivo p/ Tendão Soft-Gel Ortho Pauher - Tam: Único,Vazio,https://www.lojadomedico.com.br/protetor-adesivo-p--tendao-soft-gel-ortho-pauher-/p,SG-815x / Tam: Único,LojaDoMedico,FISIOTERAPIA,PERNAS E PÉS
181,Bolsa Quente / Frio BODYFLEX - Bolsa Flexível Quente e Frio BODYFLEX,"R$ 95,00",https://www.lojadomedico.com.br/bolsa-quente---frio-bodyflex-/p,Ideal para a aplicação do frio como tratamento de lesões musculares e dores em geral.,LojaDoMedico,FISIOTERAPIA,Vazio
182,Cinta Multiuso p/ bolsa térmica de GEL - Costas e Ombros,"R$ 98,50",https://www.lojadomedico.com.br/cinta-multiuso-p-bolsa-termica-de-gel-costas-e-ombros/p,Conserva a temperatura da bolsa por mais tempo.,LojaDoMedico,FISIOTERAPIA,Vazio
183,Munhequeira Elástica Ajustável (PAR) MERCUR,"R$ 28,00",https://www.lojadomedico.com.br/munhequeira-elastica-ajustavel-loja-do-medico/p,Auxilia na prevenção e tratamento de lesões por esforços repetitivos.,LojaDoMedico,FISIOTERAPIA,BRAÇOS E MÃOS
184,Cinta Anatômica Para Suporte de Arco Plantar - Ref.: AC 045,Vazio,https://www.lojadomedico.com.br/cinta-anatomica-para-suporte-de-arco-plantar-/p,Ref.: AC 045,LojaDoMedico,FISIOTERAPIA,PERNAS E PÉS
185,Órtese Punho/Cotovelo Tennis Elbow Esporte,"R$ 28,00",https://www.lojadomedico.com.br/ortese-punho-cotovelo-tennis-elbow-esporte/p,Versátil na prática de esportes. Em Neoprene. Referência: BC0050-S | Tamanho único ajustável / CONTÉM 1 UNIDADE,LojaDoMedico,FISIOTERAPIA,BRAÇOS E MÃOS
186,Órtese para Ombro / Úmero MERCUR,"R$ 126,00",https://www.lojadomedico.com.br/ortese-para-ombro-umero-mercur/p,Ideal para proteção e tratamento da região dos ombros.,LojaDoMedico,FISIOTERAPIA,BRAÇOS E MÃOS
187,Estabilizador p/ Tornozelo - Tipo: Cast MERCUR - Estabilizador para Tornozelo (Tipo: Cast) MERCUR,"R$ 92,00",https://www.lojadomedico.com.br/estabilizador-para-tornozelo-tipo-cast-mercur/p,"Pode ser usado tanto para o pé direito quanto p/ o esquerdo, com calçado e inclusive durante a prática de esportes. Tamanho: Único",LojaDoMedico,FISIOTERAPIA,PERNAS E PÉS
188,Cinta Multiuso para bolsa térmica de GEL - Membros e Articulações,"R$ 79,00",https://www.lojadomedico.com.br/cinta-multiuso-p-bolsa-termica-de-gel-membros-e-articulacoes/p,Conserva a temperatura da bolsa por mais tempo.,LojaDoMedico,FISIOTERAPIA,Vazio
189,Imobilizador em Oito p/ Clavícula,"R$ 56,00",https://www.lojadomedico.com.br/imobilizador-em-oito-p-clavicula/p,"Imobilização e alinhamento, das fraturas da clavícula. Características Tiras em algodão com espuma ajustável e passantes metálicos, almofadas axilares.",LojaDoMedico,FISIOTERAPIA,BRAÇOS E MÃOS
190,Suporte p/ Panturrilha CHANTAL,Vazio,https://www.lojadomedico.com.br/suporte-para-panturrilha/p,"Auxilia no tratamento da reabilitação muscular, proporcionar ação terapêutica e reduzir o risco de recidiva na prática esportiva.",LojaDoMedico,FISIOTERAPIA,PERNAS E PÉS
191,Tutor p/ Fratura do Úmero - BRACE,"R$ 156,00",https://www.lojadomedico.com.br/tutor-p-fratura-do-umero-brace/p,Auxilia na estabilização do úmero em casos de fratura.,LojaDoMedico,FISIOTERAPIA,BRAÇOS E MÃOS
192,Adipômetro Plicômetro para Medição de Massa Corporal Prime Neo - PRATA - PRIME MED,"R$ 315,00",https://www.lojadomedico.com.br/adipometro-prime-neo/p,Hastes são 100% alumínio.,LojaDoMedico,FISIOTERAPIA,Vazio
193,Apoio Plantar p/ Metatarsalgia Ref: 1010 Ortho Pauher,Vazio,https://www.lojadomedico.com.br/apoio-plantar-p-metatarsalgia-siligel-unico/p,Absorve 98% do impacto. Material de alta durabilidade.,LojaDoMedico,FISIOTERAPIA,PERNAS E PÉS
194,Fita Elástica p/ Kinesiologia ROSA - MacroLife,Vazio,https://www.lojadomedico.com.br/kinesiotape-rosa/p,Evita lesões e relaxa a musculatura tensa. Usada para fins esportivos e de fisioterapia. Diminui a dor e evita lesões.,LojaDoMedico,ESPORTES,Vazio
195,Almofada para Abdução SALVAPÉ,Vazio,https://www.lojadomedico.com.br/almofada-para-abduc-o-espuma-com-perfil-desenhado-anatomicamente/p,"Ideal durante longas cirurgias, recuperações e prevenção de escaras.",LojaDoMedico,FISIOTERAPIA,PERNAS E PÉS
196,"Eletrodo para Neuroestimulação CF3050 - Tam:3,3x5,3 cm",Vazio,https://www.lojadomedico.com.br/eletrodo-para-neurostimulac-o-cf3050/p,Eletrodo para Neuroestimulação CF3050,LojaDoMedico,FISIOTERAPIA,Vazio
197,Almofada Plantar Siligel Ref: 4006 Ortho Pauher - Almofada Plantar Siligel Ref: 4006 ORTHO PAUHER,Vazio,https://www.lojadomedico.com.br/almofada-plantar-siligel-ref-4006-ortho-pauher/p,"Redução da pressão e atrito provocado pelos calçados. Feito de silicone, material ultra macio e durável.",LojaDoMedico,FISIOTERAPIA,PERNAS E PÉS
198,Gel Higienizante para as mãos - Hi Clean® 480ml Algodão,Vazio,https://www.lojadomedico.com.br/hi-cleanr-480ml-algod-o/p,Anti-séptico para as mãos. Fragrância: ALGODÃO.,LojaDoMedico,FISIOTERAPIA,BRAÇOS E MÃOS
199,Protetor p/ Joanete c/ Alça Ref: 4011 - ORTHO PAUHER,Vazio,https://www.lojadomedico.com.br/protetor-para-joanete-com-alca-siligel/p,"Feito de silicone, material extra macio. Protege o joanete, podendo ser usado em calçados fechados.",LojaDoMedico,FISIOTERAPIA,PERNAS E PÉS
200,Relax Foot - Órtese em Gel para alívio das dores nos pés. Ref: 1040 Ortho Pauher,Vazio,https://www.lojadomedico.com.br/relax-foot---ortese-em-gel-para-alivio-das-dores-nos-pes/p,O verdadeiro SPA para seus pés e dedos.,LojaDoMedico,FISIOTERAPIA,PERNAS E PÉS
201,Joelheira Ajustável (Órtese p/ Joelho) - MERCUR - Ref: BC0031,"R$ 94,00",https://www.lojadomedico.com.br/joelheira-ajustavel-mercur-ortese-para-joelho/p,Fechamento c/ velcro. Tamanho: ÚNICO / Oferece sustentação ao joelho em casos de contusões. Alivia a dor devido a retenção do calor corporal do Neoprene.,LojaDoMedico,FISIOTERAPIA,PERNAS E PÉS
202,Cinta Universal Skingel Ref: SG313 (Protetor Plantar) Ortho Pauher,Vazio,https://www.lojadomedico.com.br/cinta-universal-skingel--protetor-plantar--orthopauher---/p,Ref: SG-313,LojaDoMedico,FISIOTERAPIA,PERNAS E PÉS
203,Tira (Órtese) Sub Patelar MERCUR,Vazio,https://www.lojadomedico.com.br/tira--ortese--sub-patelar-mercur/p,"A Órtese Sub Patelar Mercur oferece estabilidade e segurança à região da patela, sendo indicada especialmente para a prática de esportes que utilizem movimentação do joelho. Com formato anatômico, protege contra lesões e luxações, garantindo conforto e segurança sem atrapalhar a mobilidade.",LojaDoMedico,FISIOTERAPIA,PERNAS E PÉS
204,Bolsa Flexível p/ gelo ORTHO PAUHER - ICE Pauher,Vazio,https://www.lojadomedico.com.br/bolsa-flexivel-p--gelo-ortho-pauher--/p,REF: AC-70,LojaDoMedico,FISIOTERAPIA,Vazio
205,Puxador para Faixa Elástica de Exercícios - Puxador para Carci Band e Carci Tubing (Carci Hand),"R$ 28,00",https://www.lojadomedico.com.br/puxador-para-carci-band-e-carci-tubing-carci-hand/p,Facilita o uso das faixas elásticas para exercícios Carci Band e Carci Tubing.,LojaDoMedico,FISIOTERAPIA,Vazio
206,Órtese Dupla Tennis Elbow MERCUR,"R$ 82,00",https://www.lojadomedico.com.br/ortese-dupla-tennis-elbow-mercur-/p,"Fabricada em Neoprene, que retém o calor corporal.",LojaDoMedico,FISIOTERAPIA,BRAÇOS E MÃOS
207,"Bengala Tipo ""T"" Dobrável - Cor: Prata - MERCUR","R$ 85,00",https://www.lojadomedico.com.br/bengala-tipo--t--dobravel---cor--prata---mercur-/p,Ref: BC1530 / Cor: Prata,LojaDoMedico,LOJA DO IDOSO,ANDADORES E BENGALAS
208,Absorvente Geriátrico Masculino TENA Men c/10 un. (Nível 2),"R$ 31,50",https://www.lojadomedico.com.br/absorvente-geriatrico-masculino-tena-men-c-12-un-/p,O melhor absorvente masculino do mercado! Super fino e discreto! Medidas: 27cm altura x 7mm espessura. Eficaz na incontinência urinária diária. O único absorvente c/ controle de odor e secagem super rápida da urina. Contém 10 unidades. Nível 2 de absorção.,LojaDoMedico,LOJA DO IDOSO,Vazio
209,Colete Masculino Curvatex - G Ref: 643,"R$ 108,00",https://www.lojadomedico.com.br/colete-masculino-curvatex--/p,Marca Curvatex / Ref: 643,LojaDoMedico,LOJA DO IDOSO,FAIXA ABDOMINAL TÓRAX
210,Absorvente Masculino DRY MAN c/10 un. - Super discreto!,"R$ 29,50",https://www.lojadomedico.com.br/dryman/p,Desenvolvido especialmente para o corpo do homem.,LojaDoMedico,LOJA DO IDOSO,Vazio
211,"Bengala Tipo ""T"" Dobrável - Cor: BRONZE - MERCUR","R$ 85,00",https://www.lojadomedico.com.br/bengala-tipo--t--dobravel---cor--bronze---mercur/p,"BC1530-BZ | Tamanho Único Ajustável - 1,68 a 1,96 - altura do usuário | Bronze Espelhado",LojaDoMedico,LOJA DO IDOSO,ANDADORES E BENGALAS
212,Cinta para Costas e Cintura MERCUR,Vazio,https://www.lojadomedico.com.br/cinta-para-costas-e-cintura-mercur/p,"Cinta usada para pessoas que trabalham carregando e levantando pesos, a cinta oferece segurança e conforto para a coluna, previne dores e lesões.",LojaDoMedico,LOJA DO IDOSO,CINTA LOMBAR
213,Espessante Biosen - Pote com 400g em pó.,"R$ 72,90",https://www.lojadomedico.com.br/espessante-biosen-nutrisenior/p,O melhor espessante custo benefício do mercado!,LojaDoMedico,LOJA DO IDOSO,Vazio
214,Educador Postural CHANTAL,"R$ 69,30",https://www.lojadomedico.com.br/educador-postural-chantal/p,CORREÇÃO DE POSTURA DOS OMBROS - Oferece grande auxílio na disciplina de maus hábitos posturais. Ref: C329,LojaDoMedico,LOJA DO IDOSO,CORRETOR POSTURAL
215,"Traçado (Oleado) Impermeável 100% PVC Tam: 1,00 x 1,40cm - Protege o colchão em casos de incontinência urinária.","R$ 18,00",https://www.lojadomedico.com.br/tracado-impermeavel-100-pvc-protege-parte-da-cama-proprio-em-casos-de-incontinencia-urinaria/p,"- 100% Impermeável, protege parte do colchão. - Tamanho: 1,00 x 1,40 cm. - Próprio em casos de Incontinência Urinária.",LojaDoMedico,LOJA DO IDOSO,Vazio
216,Espessante Resource Thicken Up Clear 125 gr NESTLE,"R$ 115,00",https://www.lojadomedico.com.br/espessante-resource-thicken-up-clear-125-gr-nestle/p,- Modifica instantaneamente a textura e a consistência dos alimentos. - Não altera o sabor. - Pode ser usado em alimentos quentes ou frios.,LojaDoMedico,LOJA DO IDOSO,Vazio
217,Cinta Lombar c/ Barbatanas (tam:G),"R$ 153,00",https://www.lojadomedico.com.br/cinta-com-barbatanas-tam-g/p,Estabilização da coluna dorso lombar.,LojaDoMedico,LOJA DO IDOSO,CINTA LOMBAR
218,Coletor de Urina 24 Horas - Capacidade 2 Litros,"R$ 6,50",https://www.lojadomedico.com.br/coletor-de-urina-24-horas-/p,Capacidade 2 litros.,LojaDoMedico,LOJA DO IDOSO,Vazio
219,Cueca p/ Hérnia Inguinal Dupla,"R$ 89,00",https://www.lojadomedico.com.br/cueca-p-hernia-inguinal-dupla/p,Sustentação da Hérnia Inguinal.,LojaDoMedico,LOJA DO IDOSO,FUNDAS PARA HÉRNIA
220,Macerador de Comprimido - Material: Porcelana,"R$ 39,90",https://www.lojadomedico.com.br/macerador-de-comprimido-/p,Gral e Pistilo,LojaDoMedico,LOJA DO IDOSO,Vazio
221,Touca descartável de TNT - Pacote c/ 100 un.,"R$ 38,00",https://www.lojadomedico.com.br/touca-descartavel-pct-100/p,Tamanho 45 x 50 cm. Pacote 100 unidades.,LojaDoMedico,MATERIAL MÉDICO,DESCARTÁVEIS
222,Óculos de Proteção - ÓCULOS DE SEGURANÇA POLI-FERR,"R$ 18,00",https://www.lojadomedico.com.br/oculos-de-protecao-/p,Visor transparente.,LojaDoMedico,MATERIAL MÉDICO,Vazio
223,Máscara Fit Bac Off - LUPO - Lupo,"R$ 17,90",https://www.lojadomedico.com.br/mascara-fit-bac-off-/p,Kit com 2 Unidades,LojaDoMedico,MATERIAL MÉDICO,Vazio
224,Sapatilha Descartável c/50 pares. - Cor: Branca,"R$ 35,00",https://www.lojadomedico.com.br/sapatilha-descartavel-c-50-pares-/p,Material: TNT,LojaDoMedico,MATERIAL MÉDICO,DESCARTÁVEIS
225,Extensor p/ Gastrostomia / Jejunostomia,"R$ 6,50",https://www.lojadomedico.com.br/extensor-p-gastrostomia-jejunostomia/p,Extensor p/ Gastrostomia,LojaDoMedico,MATERIAL MÉDICO,Vazio
226,Toalha Seca p/ Banho no Leito - Marca: Pinheiro Têxtil / Tam: 35x33 cm,"R$ 39,50",https://www.lojadomedico.com.br/toalha-seca-p--banho-no-leito-pct-50un-/p,Marca: Pinheiro Têxtil / Pct. c/ 50 un.,LojaDoMedico,MATERIAL MÉDICO,DESCARTÁVEIS
227,Micropore 25mm x 10m Branco 3M,"R$ 7,80",https://www.lojadomedico.com.br/micropore-25mm-x-10m-branco-3m/p,- Hipoalergênico  - Suave para a pele  - Deixa a pele transpirar  - Cor branca,LojaDoMedico,MATERIAL MÉDICO,Vazio
228,Uro-Stop - Adaptador para sonda de Foley.,"R$ 6,50",https://www.lojadomedico.com.br/uro-stop/p,Adaptador para sonda. Marca: Hartmann,LojaDoMedico,MATERIAL MÉDICO,Vazio
229,Máscara descartável pct/10un. C/ elástico - ORTOCENTER,"R$ 34,80",https://www.lojadomedico.com.br/mascara-descartavel-cx-10-c-elastico/p,Cor: Branca / Pct/10un.,LojaDoMedico,MATERIAL MÉDICO,DESCARTÁVEIS
230,Bota de Espuma -  Prevenção de Escaras SALVAPÉ,"R$ 135,00",https://www.lojadomedico.com.br/bota-de-espuma-salvape----posicionador-de-pe/p,Material: Espuma / Tamanho: Único / Bilateral / Cor: Azul,LojaDoMedico,MATERIAL MÉDICO,Vazio
231,Otoscópio LED Mini Mikatos PRETO - LED / Garantia: 1 Ano / Super Leve / Acompanha Estojo,"R$ 315,00",https://www.lojadomedico.com.br/otoscopio-mini--preto--mikatos-/p,Marca: MIKATOS - Modelo: Mini 1000 - Cor: PRETO - Garantia: 1 Ano,LojaDoMedico,MATERIAL MÉDICO,OTOSCÓPIO
232,Lençol de Papel - Rolo 50x50 cm Kinsan - Cor: Branco,"R$ 12,50",https://www.lojadomedico.com.br/lencol-de-papel---rolo-50x50cm-/p,Marca: Kinsan / Tam: 50x50cm,LojaDoMedico,MATERIAL MÉDICO,DESCARTÁVEIS
233,Gel Condutor 320gr MERCUR - Ótima Condutibilidade e Viscosidade Ideal,"R$ 12,00",https://www.lojadomedico.com.br/gel-condutor-320gr-mercur-/p,Ótima Condutibilidade / Viscosidade Ideal,LojaDoMedico,MATERIAL MÉDICO,Vazio
234,Fita Autoclave 19mm x30m - EUROCEL,"R$ 17,50",https://www.lojadomedico.com.br/fita-autoclave/p,19mmx30m Marca: EUROCEL,LojaDoMedico,MATERIAL MÉDICO,Vazio
235,Imobilizador Lateral de Cabeça (Head Block),"R$ 238,00",https://www.lojadomedico.com.br/imobilizador-lateral-de-cabeca--head-block-/p,Vazio,LojaDoMedico,MATERIAL MÉDICO,Vazio
236,Eletrodo p/ monitorização espuma c/ 50 un. - Eletrodo 3M,"R$ 36,00",https://www.lojadomedico.com.br/eletrodo-p--monitorizacao-espuma-c--50-un--/p,Marca: 3M,LojaDoMedico,MATERIAL MÉDICO,DESCARTÁVEIS
237,Mochila Tipo SAMU - VERMELHA,"R$ 169,00",https://www.lojadomedico.com.br/mochila-tipo-samu-/p,Cor: Vermelha,LojaDoMedico,MATERIAL MÉDICO,RESGATE E SALVAMENTO
238,Comadre Plástica - Cor: Branca,"R$ 22,00",https://www.lojadomedico.com.br/comadre-plastica---loja-do-medico-/p,Vazio,LojaDoMedico,MATERIAL MÉDICO,Vazio
239,Escada 2 Degraus,"R$ 139,00",https://www.lojadomedico.com.br/escada-2-degraus-/p,Marca: Helter,LojaDoMedico,MATERIAL MÉDICO,Vazio
240,Faixa Peitoral FAMARA,"R$ 55,00",https://www.lojadomedico.com.br/faixa-peitoral-famara/p,Cor: Bege,LojaDoMedico,MATERIAL MÉDICO,Vazio
241,Flexi-Trak CONVATEC - Adesivo Fixador de sondas e cateteres. - Marca: Convatec,"R$ 13,80",https://www.lojadomedico.com.br/flexi-trak-convatec/p,DISPOSITIVO PARA FIXAÇÃO DE CATETERES 100MM X 38MM,LojaDoMedico,MATERIAL MÉDICO,Vazio
242,Seringa Desc. 60ml  Bico cateter DESCARPACK - 6 UNIDADES,"R$ 48,00",https://www.lojadomedico.com.br/seringa-desc--60ml--bico-cateter-descarpack/p,Bico Cateter - 6 UNIDADES,LojaDoMedico,MATERIAL MÉDICO,DESCARTÁVEIS
243,Luva Plástica c/50 Pares LUPLATEX - Fabricante: PollyPlast,"R$ 28,00",https://www.lojadomedico.com.br/luva-luplatex-c-50-pares/p,Descartável. Transparente. Ambidestra.,LojaDoMedico,MATERIAL MÉDICO,DESCARTÁVEIS
244,Maleta p/ Medicamentos - 1 BANDEJA - Ref: LAGUNA EM-250,"R$ 39,50",https://www.lojadomedico.com.br/maleta-p--medicamentos-laguna-em-250--1-bandeja-/p,Compacta e Leve. Idel p/ ser usada em casa ou em clínicas de pequeno porte.,LojaDoMedico,MATERIAL MÉDICO,INSTRUMENTAIS
245,Tesoura Universal MD - Tesoura para Bandagem,"R$ 17,50",https://www.lojadomedico.com.br/tesoura-universal-md/p,Marca: MD,LojaDoMedico,MATERIAL MÉDICO,INSTRUMENTAIS
246,Cabo para Bisturi nº4,"R$ 14,00",https://www.lojadomedico.com.br/cabo-para-bisturi-4/p,"Para lâminas de Nº 20, 21, 22 e 24.",LojaDoMedico,MATERIAL MÉDICO,INSTRUMENTAIS
247,Papel Toalha Interfolhas Kinsan c/1000 - Papel Toalha de Mão,"R$ 22,00",https://www.lojadomedico.com.br/papel-interfolhas-kinsan-c-1000-/p,Marca: Kinsan,LojaDoMedico,MATERIAL MÉDICO,DESCARTÁVEIS
248,Sandália de Baruk,"R$ 78,00",https://www.lojadomedico.com.br/sandalia-de-baruk-/p,Bilateral - Marca: Ortocenter,LojaDoMedico,MATERIAL MÉDICO,Vazio
249,"Máscara Pocket com Válvula, Filtro e Estojo - Evita o contato boca-a-boca com o paciente.","R$ 53,00",https://www.lojadomedico.com.br/mascara-pocket-com-valvula-filtro-e-estojo/p,Marca: HEADSTAR MEDICAL,LojaDoMedico,MATERIAL MÉDICO,Vazio
250,Papel para ECG - 48mmx30m - c/04 rl,"R$ 24,00",https://www.lojadomedico.com.br/papel-para-ecg---48mmx30m---c-04-rl/p,Marca: DARU Controle Gráficos. Validade: 3 anos.,LojaDoMedico,MATERIAL MÉDICO,Vazio
251,Seringa BD ULTRA-FINE™ 50U - Pct c/ 10 un.,"R$ 32,00",https://www.lojadomedico.com.br/seringa-bd-ultra-fine™-50u/p,Seringa p/ insulina. Agulha: 8mm. Pct c/ 10 un.,LojaDoMedico,MATERIAL MÉDICO,Vazio
252,Diapasão sem Fixador 512C - MD,"R$ 119,50",https://www.lojadomedico.com.br/diapasao-sem-fixador/p,Aparelho utilizado em testes audiológicos de rotina.,LojaDoMedico,MATERIAL MÉDICO,INSTRUMENTAIS
253,Termo-Higrômetro Digital - Supermedy,"R$ 165,00",https://www.lojadomedico.com.br/termo-higrometro-digital-/p,Mede a temperatura a humidade relativa no ar.,LojaDoMedico,MATERIAL MÉDICO,Vazio
254,Vaselina Sólida 500gr - Vic Pharma,"R$ 56,00",https://www.lojadomedico.com.br/vaselina-solida-500-gr--/p,500 gr / Emoliente tópico,LojaDoMedico,MATERIAL MÉDICO,Vazio
255,Envelope Auto-Selante 90x260mm c/100 un. Vedamax,"R$ 42,00",https://www.lojadomedico.com.br/envelope-auto-selante-90x260mm-c-100-un--vedamax--/p,item_11400,LojaDoMedico,MATERIAL MÉDICO,Vazio
256,Kit Retirada de Pontos Estéril KOLOPLAST - O kit contém 3 itens / Produto estéril.,"R$ 26,00",https://www.lojadomedico.com.br/kit-retirada-de-pontos-esteril-descartavel-/p,Marca: Koloplast / Descartável,LojaDoMedico,CURATIVOS,Vazio
257,"Lençol Desc. TNT 2,00MX90CM COM Elástico 20GR C/10 un. - Cor: Branco","R$ 38,00",https://www.lojadomedico.com.br/lencol-desc--tnt-200mx90cm-c--elastico-30gr-c-10-un-/p,Cor: Branco / Pct: 10 un.,LojaDoMedico,MATERIAL MÉDICO,DESCARTÁVEIS
258,Cuba Rim Inox 26x12cm FAMI,"R$ 42,00",https://www.lojadomedico.com.br/cuba-rim-inox-26x12cm-fami-/p,Capacidade: 700ml,LojaDoMedico,MATERIAL MÉDICO,Vazio
259,"Lençol Desc. TNT 2,00MX90CM SEM Elástico 20GR C/10 un. - Cor: Branco","R$ 22,00",https://www.lojadomedico.com.br/lencol-desc--tnt-200mx90cm-sem-elastico-30gr-c-10-un--/p,Cor: Branco / Pct: 10 un.,LojaDoMedico,MATERIAL MÉDICO,DESCARTÁVEIS
260,Protetor Facial Face Shield - Modelo: Fixo,"R$ 18,90",https://www.lojadomedico.com.br/protetor-facial-face-shield-/p,Marca: Zurich / Fixo,LojaDoMedico,MATERIAL MÉDICO,Vazio
261,Martelo Buck 18 cm - Marca: MD,"R$ 58,50",https://www.lojadomedico.com.br/martelo-buck-18-cm/p,Martelo Neurológico de Buck.,LojaDoMedico,MATERIAL MÉDICO,INSTRUMENTAIS
262,Martelo Taylor 20 cm,"R$ 35,00",https://www.lojadomedico.com.br/martelo-taylor-20-cm/p,Martelo de Reflexos Neurológicos. Uso clínico e hospitalar.,LojaDoMedico,MATERIAL MÉDICO,INSTRUMENTAIS
263,Colar Cervical p/ RESGATE - Adulto / Tam: G,"R$ 58,00",https://www.lojadomedico.com.br/colar-cervical-p--resgate/p,Marca: Ortocenter,LojaDoMedico,MATERIAL MÉDICO,RESGATE E SALVAMENTO
264,Pinça Dente de Rato 16cm,"R$ 18,00",https://www.lojadomedico.com.br/pinca-dente-de-rato-16cm/p,Pinça Dente de Rato 16cm,LojaDoMedico,MATERIAL MÉDICO,INSTRUMENTAIS
265,Espátula de Ayre de madeira - Pct/100 un. - Espátula de Ayre Pct/100 un.,"R$ 6,80",https://www.lojadomedico.com.br/espatula-de-ayre/p,Material: Madeira - Embalagem c/ 100 unidades.,LojaDoMedico,MATERIAL MÉDICO,Vazio
266,Estojo Inox 18x08x03 FLEXINOX,"R$ 38,00",https://www.lojadomedico.com.br/estojo-inox-18x08x03/p,"Armazenamento de instrumentais cirúrgicos, estéticos e podologia.",LojaDoMedico,MATERIAL MÉDICO,INSTRUMENTAIS
267,Órtese Siligel Macia p/ Umbigo - Modelo: Anatômico / Ref: 4033-A Ortho Pauher,"R$ 49,00",https://www.lojadomedico.com.br/ortese-siligel-macias-para-umbigo-modelo-cilindrico-ref-4033-b-ortho-pauher/p,Modelo: Anatômico. Contém 01 unidade.,LojaDoMedico,CURATIVOS,Vazio
268,"Gaze Hidrófila KARINA 7,5 x 7,5cm / 09 Fios - PCT/ 500 un. Não Estéril.","R$ 32,00",https://www.lojadomedico.com.br/gaze-hidrofila-7-5-x-7-5cm-09-fios-500un/p,"Compressas Cirúrgicas de Gaze Hidrófila 7,5 x 7,5cm / 09 Fios / 500un. 05 Dobras. 08 Camadas. Alto pode de absorção. 100% Algodão. NÃO ESTÉRIL",LojaDoMedico,MATERIAL MÉDICO,DESCARTÁVEIS
269,Comadre Inox - FORTINOX,"R$ 205,00",https://www.lojadomedico.com.br/comadre-inox/p,Comadre Inox (tipo Pá),LojaDoMedico,MATERIAL MÉDICO,Vazio
270,Papagaio Inox - FORTINOX,"R$ 124,00",https://www.lojadomedico.com.br/papagaio-inox/p,Usado na coletagem de urina de pacientes do sexo masculino.,LojaDoMedico,MATERIAL MÉDICO,Vazio
271,"Agulha desc. 5,5X20 24G 3/4 cx/100","R$ 42,00",https://www.lojadomedico.com.br/agulha-desc-20x5-5-24g-3-4-cx-100-bd/p,Agulha descartável estéril embalada unitariamente. Caixa contém 100 unidades.,LojaDoMedico,MATERIAL MÉDICO,Vazio
272,"Agulha desc. 1,20X40 18G 1 1/2 cx/100","R$ 48,00",https://www.lojadomedico.com.br/agulha-desc-40x12-18g1-1-2-30017-c-100-bd/p,Agulha descartável estéril embalada unitariamente. Caixa contém 100 unidades.,LojaDoMedico,MATERIAL MÉDICO,Vazio
273,"Agulha desc. 0,70X30 22G 1 1/4 cx/100","R$ 42,00",https://www.lojadomedico.com.br/agulha-desc-30x07-22g1-1-4-cx-100-bd/p,Agulha descartável estéril embalada unitariamente. Caixa contém 100 unidades.,LojaDoMedico,MATERIAL MÉDICO,Vazio
274,"Agulha desc. 0,45X13 26G 1/2 cx/100","R$ 48,00",https://www.lojadomedico.com.br/agulha-desc-13x4-5-26g-1-2-cx-100-bd/p,Agulha descartável estéril embalada unitariamente. Caixa contém 100 unidades.,LojaDoMedico,MATERIAL MÉDICO,Vazio
275,"Agulha desc. 0,70X25 22G 1 cx/100","R$ 42,00",https://www.lojadomedico.com.br/agulha-desc-25x07-22g1-cx-100-bd/p,Agulha descartável estéril embalada unitariamente. Caixa contém 100 unidades.,LojaDoMedico,MATERIAL MÉDICO,Vazio
276,Sonda para Alimentação Enteral - Tamanho: 12 fr,Vazio,https://www.lojadomedico.com.br/sonda-para-alimentacao-enteral-/p,Ref: 6003 / Adulto: 12 fr 120 cm - 6000 Silicone,LojaDoMedico,MATERIAL MÉDICO,Vazio
277,Oxímetro G-TECH modelo LED - Captação rápida / Fácil leitura,Vazio,https://www.lojadomedico.com.br/oximetro-g-tech-modelo-led/p,Garantia de 1 ano.,LojaDoMedico,MATERIAL MÉDICO,Vazio
278,"Agulha desc. 0,80x30 21G 1 1/4 cx/100","R$ 42,00",https://www.lojadomedico.com.br/agulha-desc-30x08-21g1-1-4-cx-100-bd/p,Agulha descartável estéril embalada unitariamente. Caixa contém 100 unidades.,LojaDoMedico,MATERIAL MÉDICO,Vazio
279,Dispenser para Papel Toalha Interfolhas - Cor: Branca,Vazio,https://www.lojadomedico.com.br/dispenser-para-papel-toalha-interfolhas/p,Cor: Branca,LojaDoMedico,MATERIAL MÉDICO,Vazio
280,Aspirador de secreção ASPIRAMAX - MA520,"R$ 495,00",https://www.lojadomedico.com.br/aspiramax-ma520/p,"Fácil Limpeza e Higienização Uso Portátil, Fácil Manuseio e Econômico Baixo Consumo de Energia Uso Clínico, Odontológico, Veterinário e Cirúrgico.",LojaDoMedico,MATERIAL MÉDICO,Vazio
281,Ducha Ginecológica MERCUR,"R$ 35,00",https://www.lojadomedico.com.br/ducha-ginecologica/p,Produto utilizado na higiene íntima da mulher ou aplicação de medicamentos.,LojaDoMedico,MATERIAL MÉDICO,Vazio
282,"Pinça Dente de Rato 14,5cm","R$ 18,00",https://www.lojadomedico.com.br/pinca-dente-de-rato-14-5cm-professional/p,"Pinça Dente de Rato 14,5cm - PROFESSIONAL",LojaDoMedico,MATERIAL MÉDICO,INSTRUMENTAIS
283,Transpore 3M - Fita Hipoalergênica,"R$ 32,00",https://www.lojadomedico.com.br/transpore-3m-fita-hipoalergenica-corte-reto-transparente-otima-ades-o/p,"Tam:100mm x 4,5m. Fita Hipoalergênica. Corte Reto. Transparente. Ótima adesão.",LojaDoMedico,MATERIAL MÉDICO,Vazio
284,Martelo Babinski p/ Reflexos 22cm,"R$ 68,00",https://www.lojadomedico.com.br/martelo-babinski-p--reflexos-22cm-/p,Usado em avaliações neurológicas. Material: Aço Inox,LojaDoMedico,MATERIAL MÉDICO,INSTRUMENTAIS
285,Maleta p/ Medicamentos - 3 BANDEJAS - EM - 290 ELITE,"R$ 97,00",https://www.lojadomedico.com.br/maleta-p-medicamentos-em-290-elite-3-bandejas/p,"Estojo com 3 bandejas articuladas, 15 divisões e tampa na bandeja superior. Possui alça para cadeado.",LojaDoMedico,MATERIAL MÉDICO,INSTRUMENTAIS
286,Oxímetro de Pulso Portátil - BIC,"R$ 298,00",https://www.lojadomedico.com.br/oximetro-de-pulso-portatil-monitor-de-dedo-sb100-rossmax/p,Garantia 1 ano / Marca: BIC,LojaDoMedico,MATERIAL MÉDICO,Vazio
287,Bolsa de Colostomia Active Life® Drenável Recortável 19-64mm CONVATEC,"R$ 14,50",https://www.lojadomedico.com.br/bolsa-de-colostomia-active-lifer-drenavel-recortavel-com-barreira-protetora-de-pele-marca-convatec/p,Marca: Convatec,LojaDoMedico,MATERIAL MÉDICO,Vazio
288,Martelo Dejerine Simples 20cm,"R$ 38,00",https://www.lojadomedico.com.br/martelo-dejerine-simples-20cm-haste-em-aco/p,Para uso clínico e hospitalar. Haste em Aço.,LojaDoMedico,MATERIAL MÉDICO,INSTRUMENTAIS
289,Reanimador Manual de Silicone Autoclavável (adulto) - Ambu,"R$ 285,00",https://www.lojadomedico.com.br/reanimador-manual-de-silicone-autoclavavel/p,- Acompanha Máscara ADULTO. Marca: MD,LojaDoMedico,MATERIAL MÉDICO,Vazio
290,Diapasão c/ fixador 256C - MD,"R$ 119,50",https://www.lojadomedico.com.br/diapasao-c--fixador-256c---md/p,Aparelho utilizado em testes audiológicos de rotina.,LojaDoMedico,MATERIAL MÉDICO,INSTRUMENTAIS
291,"Agulha desc. 13x0,30 30G 1/2 cx/100",Vazio,https://www.lojadomedico.com.br/agulha-desc-13x0-30-30g-1-2-cx-100-bd/p,Vazio,LojaDoMedico,MATERIAL MÉDICO,Vazio
292,Sonda p/ Aspiração Traqueal nº12 (pacote c/10 un.),Vazio,https://www.lojadomedico.com.br/sonda-p--aspiracao-traqueal-nº12-/p,Pacote c/10 unidades. Marca: Mark Med,LojaDoMedico,MATERIAL MÉDICO,Vazio
293,Fixador p/ Cânula de Traqueostomia Adulto,Vazio,https://www.lojadomedico.com.br/fixador-p--canula-de-traqueostomia-adulto-/p,Marca: Portex - Smiths Medical,LojaDoMedico,MATERIAL MÉDICO,Vazio
294,Estojo Inox 18x07x02 FLEXINOX - Estojo Inox 18x08x02 FLEXINOX,Vazio,https://www.lojadomedico.com.br/estojo-inox-18x07x02/p,"Armazenamento de instrumentais cirúrgicos, estéticos e podologia.",LojaDoMedico,MATERIAL MÉDICO,INSTRUMENTAIS
295,Avental Manga Longa com Tiras e Elástico c/10 un.,Vazio,https://www.lojadomedico.com.br/avental-manga-longa-com-tiras-e-elastico-/p,Marca: Sky Descartáveis,LojaDoMedico,MATERIAL MÉDICO,DESCARTÁVEIS
296,Toalhas Uso Adulto - Unissex - 40 un. - Toalhas Umedecidas c/40 un. BIOFRAL,Vazio,https://www.lojadomedico.com.br/toalhas-umedecidas-c-40-un--geriatex/p,"Higiene para o corpo todo. Contém: 40 unidades. Tamanho: 19,5cm x 24,5cm. TOALHAS MAIS MACIAS E RESISTENTES. HIGIENE PARA O CORPO TODO.",LojaDoMedico,MATERIAL MÉDICO,DESCARTÁVEIS
297,Gaze Algodonada 10x15cm NEVE,Vazio,https://www.lojadomedico.com.br/gaze-algodonada-10x15cm-neve/p,Curativo Cirúrgico Estéril,LojaDoMedico,MATERIAL MÉDICO,Vazio
298,Kit DIU Descartável KOLPAST (contém 7 itens),Vazio,https://www.lojadomedico.com.br/kit-diu-descartavel-kolpast--contem-7-itens-/p,Vazio,LojaDoMedico,MATERIAL MÉDICO,DESCARTÁVEIS
299,Pinça Dissecção c/ Serrilha 16cm RETA - Marca: Professional,Vazio,https://www.lojadomedico.com.br/pinca-disseccao-c--serrilha-16cm-reta-/p,Marca: Professional,LojaDoMedico,MATERIAL MÉDICO,INSTRUMENTAIS
300,Sapatilha de Malha Pct/ 50 Pares - Marca: Msó,Vazio,https://www.lojadomedico.com.br/sapatilha-de-malha-pct--50-pares/p,Finalidade: Cobertura dos Sapatos / Pacote c/ 50 pares.,LojaDoMedico,MATERIAL MÉDICO,DESCARTÁVEIS
301,Posicionador de Coluna SALVAPÉ,Vazio,https://www.lojadomedico.com.br/posicionador-de-coluna-salvape-/p,Utilizado na prevenção de escaras (úlcera de pressão),LojaDoMedico,MATERIAL MÉDICO,Vazio
302,Bandeja sem Tampa AÇONOX - Marca: AÇONOX,Vazio,https://www.lojadomedico.com.br/bandeja-sem-tampa-aconox/p,Tamanho: 30x20x4cm / Marca: Açonox,LojaDoMedico,MATERIAL MÉDICO,INSTRUMENTAIS
303,"Tesoura Cirúrgica 14,5cm Reta - Ponta ROMBA/ROMBA - Marca: Professional",Vazio,https://www.lojadomedico.com.br/tesoura-cirurgica-145cm-reta---ponta-romba-romba/p,Marca: Professional,LojaDoMedico,MATERIAL MÉDICO,INSTRUMENTAIS
304,"Gaze Hidrófila CREMER 7,5 x 7,5cm / 09 Fios / 500un. Não Estéril.",Vazio,https://www.lojadomedico.com.br/gaze-hidrofila-cremer-7-5-x-7-5cm-09-fios-500un/p,"Compressas Cirúrgicas de Gaze Hidrófila CREMER 7,5 x 7,5cm / 09 Fios / 500un. 05 Dobras. 08 Camadas. Alto poder de absorção. 100% Algodão. NÃO ESTÉRIL.",LojaDoMedico,MATERIAL MÉDICO,DESCARTÁVEIS
305,Luva de Vinil cx/100 un.,Vazio,https://www.lojadomedico.com.br/luva-de-vinil-cx-100-un/p,Indicada para peles sensíveis ao látex. Uso Único. A MARCA VAI VARIAR A DE ACORDO COM A DISPONIBILIDADE EM ESTOQUE.,LojaDoMedico,MATERIAL MÉDICO,Vazio
306,Bolsa Coletora de Urina BioBag,Vazio,https://www.lojadomedico.com.br/bolsa-coletora-de-urina-biobag/p,É utilizada para coleta de urina em pacientes que necessitam de auxílio para o esvaziamento da bexiga.,LojaDoMedico,MATERIAL MÉDICO,Vazio
307,Tesoura Mayo Reta 15cm,Vazio,https://www.lojadomedico.com.br/tesoura-mayo-reta-15cm/p,Tesoura Mayo Reta 15cm,LojaDoMedico,MATERIAL MÉDICO,INSTRUMENTAIS
308,Flebo Extrator Descartável - Para cirurgia de varizes,"R$ 79,90",https://www.lojadomedico.com.br/flebo-extrator-descartavel-para-cirurgia-de-varizes/p,Para cirurgia de varizes. Descartável e de uso único - Menor risco de infecção. Esterilizado em óxido de etileno pronto para o uso.,LojaDoMedico,MATERIAL MÉDICO,Vazio
309,Capa Protetora Impermeável p/ Colchão - BEBÊ - 100% ALGODÃO / PVC - ALLERGIC FREE,"R$ 89,00",https://www.lojadomedico.com.br/capa-protetora-impermeavel-p--colchao---bebe/p,Vazio,LojaDoMedico,TRATAMENTO,ALERGIA
310,Lancetador G-Tech,"R$ 18,00",https://www.lojadomedico.com.br/lancetador-g-tech/p,Lancetador p/ exame de glicose no sangue.,LojaDoMedico,TRATAMENTO,DIABETES
311,Capa Protetora Impermeável p/ Colchão SOLTEIRO - C/Elástico - 100% PVC,"R$ 35,00",https://www.lojadomedico.com.br/lencol-dry-solteiro/p,"Indicado para pessoas com incontinência urinária. DIMENSÕES: 88cm x 1,88m x 20cm.",LojaDoMedico,TRATAMENTO,ALERGIA
312,Tira Reagente c/25 un. G-TECH,"R$ 58,50",https://www.lojadomedico.com.br/tira-reagente-c-25-un--g-tech/p,Tiras Reagentes para Medição de Glicose no Sangue.,LojaDoMedico,TRATAMENTO,DIABETES
313,Capa p/ Travesseiro Adulto ALLERGIC FREE 100% Algodão/PVC,"R$ 35,00",https://www.lojadomedico.com.br/capa-p-travesseiro/p,Macia e Confortável. Resistente a Líquidos.,LojaDoMedico,TRATAMENTO,ALERGIA
314,Capa Protetora Impermeável p/ Colchão - Solteiro - 100% ALGODÃO / PVC - ALLERGIC FREE,"R$ 132,00",https://www.lojadomedico.com.br/capa-protetora-impermeavel-p-colch-o-solteiro/p,"Dimensões: 0,88 x 1,88 x 0,20cm - FECHAMENTO C/ ZÍPER - COMPOSIÇÃO Interno: 100% PVC / Externo: 100% Algodão",LojaDoMedico,TRATAMENTO,ALERGIA
315,Tira Reagente c/50 un. G-TECH,"R$ 89,00",https://www.lojadomedico.com.br/tira-reagente-c-50-un--g-tech/p,Tiras Reagentes para Medição de Glicose no Sangue.,LojaDoMedico,TRATAMENTO,DIABETES
316,Capa Protetora Impermeável p/ Colchão - CASAL - 100% ALGODÃO / PVC - ALLERGIC FREE,"R$ 192,00",https://www.lojadomedico.com.br/capa-protetora-impermeavel-p-colch-o-casal-allergic-free/p,"Dimensões: 1,38 x 1,88 x 25cm - FECHAMENTO C/ ZÍPER - COMPOSIÇÃO Interno: 100% PVC / Externo: 100% Algodão",LojaDoMedico,TRATAMENTO,ALERGIA
317,Medidor de Glicose GTech,"R$ 69,90",https://www.lojadomedico.com.br/medidor-de-glicose-gtech/p,Acompanha 10 Tiras p/ medição.,LojaDoMedico,TRATAMENTO,DIABETES
318,Lancetas p/ Lancetador - cx/100 un,"R$ 35,00",https://www.lojadomedico.com.br/lancetas-c-100-un-g-tech-/p,Marca: G-Tech,LojaDoMedico,TRATAMENTO,DIABETES
319,Capa p/ Travesseiro Bebê ALLERGIC FREE 100% Algodão/PVC,"R$ 25,00",https://www.lojadomedico.com.br/capa-p-travesseiro-bebe-allergic-free/p,"Protege o travesseiro do bebê contra fungos, ácaros e bactérias. Impermeável. Tamanho Bebê: 30cm x 40cm",LojaDoMedico,TRATAMENTO,ALERGIA
320,Capa p/ Travesseiro 100% PVC - Tam: 50X70 cm Adulto,Vazio,https://www.lojadomedico.com.br/capa-p--travesseiro-100--pvc/p,Fechamento em ZÍPER,LojaDoMedico,TRATAMENTO,ALERGIA
321,Capa Protetora Impermeável p/ Colchão - KING - 100% ALGODÃO / PVC - ALLERGIC FREE,"R$ 265,00",https://www.lojadomedico.com.br/capa-protetora-impermeavel-p-colch-o-king-100-algod-o-pvc-allergic-free/p,"Medidas: 1,93x2,03x30cm 100% ALGODÃO / PVC",LojaDoMedico,TRATAMENTO,ALERGIA
322,Capa Protetora Impermeável p/ Colchão - QUEEN - 100% ALGODÃO / PVC - ALLERGIC FREE,"R$ 259,00",https://www.lojadomedico.com.br/capa-protetora-impermeavel-p-colch-o-queen-100-algod-o-pvc-allergic-free/p,"QUEEN: 1,58M X 1,98M X 30 cm -  Fechamento c/ zíper.",LojaDoMedico,TRATAMENTO,ALERGIA
323,Bolsa para Transporte de Insulina GeloTech,"R$ 45,00",https://www.lojadomedico.com.br/kit-para-transporte-de-insulina-gelakent/p,"Recipiente perfeito para o transporte de insulina, inclui 12 gelos tipo sachê e caixa de isopor revestida por uma capa de PCV, fechamento c/ ziper. Capacidade: 500 ml. DIMENSÕES: 16,0 cm x 13,0 cm x 9,0 cm.",LojaDoMedico,TRATAMENTO,DIABETES
